,regkey_opened
0,HKEY_LOCAL_MACHINE\SOFTWARE\Wow6432Node\Microsoft\Windows\CurrentVersion\explorer\FolderDescriptions\{7C5A40EF-A0FB-4BFC-874A-C0F2E0B9FA8E}\PropertyBag
1,HKEY_LOCAL_MACHINE\Software\Microsoft\Windows\CurrentVersion\Explorer\UsersFiles\NameSpace
2,HKEY_LOCAL_MACHINE\SOFTWARE\Wow6432Node\Microsoft\Windows\CurrentVersion\explorer\FolderDescriptions\{54EED2E0-E7CA-4FDB-9148-0F4247291CFA}
3,HKEY_LOCAL_MACHINE\SOFTWARE\Wow6432Node\Microsoft\Windows\CurrentVersion\explorer\FolderDescriptions\{A302545D-DEFF-464B-ABE8-61C8648D939B}\PropertyBag
4,HKEY_LOCAL_MACHINE\Software\Microsoft\Windows\CurrentVersion\Installer\UserData\S-1-5-18\Components\9FCE2B9622F87F2339EDB74D395D7D09
5,HKEY_LOCAL_MACHINE\Software\Microsoft\Windows\CurrentVersion\Explorer\KnownFolderSettings
6,HKEY_CLASSES_ROOT\Directory
7,HKEY_LOCAL_MACHINE\SOFTWARE\Wow6432Node\Microsoft\Windows\CurrentVersion\explorer\FolderDescriptions\{A4115719-D62E-491D-AA7C-E74B8BE3B067}\PropertyBag
8,HKEY_LOCAL_MACHINE\Software\Microsoft\Windows\CurrentVersion\Installer\UserData\S-1-5-18\Components\06E3DA9C1280A0149BA8E966950350F5
9,HKEY_LOCAL_MACHINE\SOFTWARE\Wow6432Node\Microsoft\Cryptography\OID\EncodingType 0\CryptSIPDllPutSignedDataMsg\{DE351A42-8E59-11D0-8C47-00C04FC295EE}
10,HKEY_LOCAL_MACHINE\Software\Microsoft\Windows\CurrentVersion\Installer\UserData\S-1-5-18\Components\9AF6A7745E3BE1842BF3BCAC9F1BA9CD
11,HKEY_LOCAL_MACHINE\SOFTWARE\Wow6432Node\Microsoft\Windows\CurrentVersion\explorer\FolderDescriptions\{724EF170-A42D-4FEF-9F26-B60E846FBA4F}\PropertyBag
12,HKEY_LOCAL_MACHINE\SOFTWARE\Wow6432Node\Microsoft\Windows\CurrentVersion\explorer\FolderDescriptions\{82A74AEB-AEB4-465C-A014-D097EE346D63}\PropertyBag
13,HKEY_LOCAL_MACHINE\Software\Microsoft\Windows\CurrentVersion\Installer\UserData\S-1-5-18\Components\A609E893B628DD84791945C946C9CA5E
14,HKEY_LOCAL_MACHINE\Software\Microsoft\Windows\CurrentVersion\Explorer\UsersFiles\NameSpace\DelegateFolders
15,HKEY_LOCAL_MACHINE\SOFTWARE\Wow6432Node\Microsoft\Windows\CurrentVersion\explorer\FolderDescriptions\{C4900540-2379-4C75-844B-64E6FAF8716B}\PropertyBag
16,HKEY_LOCAL_MACHINE\Software\Microsoft\Windows\CurrentVersion\Installer\UserData\S-1-5-18\Components\96F055A82A195CF449988CB87B1FD1D7
17,HKEY_LOCAL_MACHINE\Software\Microsoft\Windows\CurrentVersion\Installer\UserData\S-1-5-18\Components\695C9C2691EB6B44A94AC05E8D6B18CF
18,HKEY_LOCAL_MACHINE\Software\Microsoft\Windows\CurrentVersion\Installer\UserData\S-1-5-18\Components\F53CAB350CF77D94AA5184C9C5104C0D
19,HKEY_LOCAL_MACHINE\Software\Microsoft\Windows\CurrentVersion\Installer\UserData\S-1-5-18\Components\1FC84038432ED25479C333AF44F339EF
20,HKEY_LOCAL_MACHINE\Software\Microsoft\Windows\CurrentVersion\Installer\UserData\S-1-5-18\Components\1F9AC742399CCE449BBE132390941E9F
21,HKEY_LOCAL_MACHINE\SOFTWARE\Wow6432Node\Microsoft\Windows\CurrentVersion\explorer\FolderDescriptions\{3214FAB5-9757-4298-BB61-92A9DEAA44FF}\PropertyBag
22,HKEY_LOCAL_MACHINE\Software\Microsoft\Windows\CurrentVersion\Installer\UserData\S-1-5-18\Components\704E36BA4C4DBA646A5E43B4B0371DE5
23,HKEY_LOCAL_MACHINE\SOFTWARE\Microsoft\CTF\TIP\{E429B25A-E5D3-4D1F-9BE3-0C608477E3A1}\Category\Category\{534C48C1-0607-4098-A521-4FC899C73E90}
24,HKEY_LOCAL_MACHINE\SOFTWARE\Wow6432Node\Microsoft\Windows\CurrentVersion\explorer\FolderDescriptions\{905E63B6-C1BF-494E-B29C-65B732D3D21A}\PropertyBag
25,HKEY_LOCAL_MACHINE\SOFTWARE\Wow6432Node\Microsoft\Windows\CurrentVersion\explorer\FolderDescriptions\{DEBF2536-E1A8-4C59-B6A2-414586476AEA}
26,HKEY_LOCAL_MACHINE\Software\Microsoft\Windows NT\CurrentVersion\ProfileList
27,HKEY_CLASSES_ROOT\Drive\shellex\FolderExtensions
28,HKEY_LOCAL_MACHINE\Software\Microsoft\Windows\CurrentVersion\Installer\UserData\S-1-5-18\Components\AD4E638E8714C454FA1AD399C0E81909
29,HKEY_LOCAL_MACHINE\System\CurrentControlSet\Control\LSA\AccessProviders
30,HKEY_LOCAL_MACHINE\Software\Microsoft\Windows\CurrentVersion\Installer\UserData\S-1-5-18\Components\687330DB272F1A54C967131CC53B826C
31,HKEY_LOCAL_MACHINE\Software\Microsoft\Windows\CurrentVersion\Installer\UserData\S-1-5-18\Components\0DC9A3374B7700D469383417DA0642D8
32,HKEY_LOCAL_MACHINE\Software\Microsoft\Windows\CurrentVersion\Installer\UserData\S-1-5-18\Components\916A5FC402FF3AF45850420EC9917705
33,HKEY_LOCAL_MACHINE\Software\Microsoft\Windows\CurrentVersion\Installer\UserData\S-1-5-18\Components\49CDC33CE28739A4CA66DBE1A3CA48D7
34,HKEY_LOCAL_MACHINE\Software\Microsoft\Windows\CurrentVersion\Installer\UserData\S-1-5-18\Components\85FA71F0EFBBD56448212F8D4BE712B2
35,HKEY_LOCAL_MACHINE\Software\Microsoft\Windows\CurrentVersion\Installer\UserData\S-1-5-18\Components\98C6F8355DA2600418456C7670479E08
36,HKEY_LOCAL_MACHINE\Software\Microsoft\Windows\CurrentVersion\Installer\UserData\S-1-5-18\Components\E0F2919EC5305C236A7AD687E12EB4D3
37,HKEY_LOCAL_MACHINE\Software\Microsoft\Windows\CurrentVersion\Installer\UserData\S-1-5-18\Components\E96B8FAE7CEA69C42B5B73BA69B21A71
38,HKEY_LOCAL_MACHINE\SOFTWARE\Wow6432Node\Microsoft\Windows\CurrentVersion\explorer\FolderDescriptions\{B94237E7-57AC-4347-9151-B08C6C32D1F7}\PropertyBag
39,HKEY_CLASSES_ROOT\CLSID\{FAE3D380-FEA4-4623-8C75-C6B61110B681}\Instance
40,HKEY_LOCAL_MACHINE\SOFTWARE\Wow6432Node\Microsoft\Windows\CurrentVersion\explorer\FolderDescriptions\{98EC0E18-2098-4D44-8644-66979315A281}
41,HKEY_CURRENT_USER\Software\Microsoft\Windows\CurrentVersion\Shell Extensions\Blocked
42,HKEY_LOCAL_MACHINE\Software\Microsoft\Windows\CurrentVersion\Installer\UserData\S-1-5-18\Components\D443F7BF16B5F0543B4B99FCADE42931
43,HKEY_LOCAL_MACHINE\Software\Microsoft\Windows\CurrentVersion\Installer\UserData\S-1-5-18\Components\D79D66C147DE18644A361A2E8BE8A234
44,HKEY_LOCAL_MACHINE\Software\Microsoft\Windows\CurrentVersion\Installer\UserData\S-1-5-18\Components\45552A042794885318BD5875621A61DA
45,HKEY_LOCAL_MACHINE\SOFTWARE\Wow6432Node\Microsoft\Windows\CurrentVersion\explorer\FolderDescriptions\{D20BEEC4-5CA8-4905-AE3B-BF251EA09B53}\PropertyBag
46,HKEY_LOCAL_MACHINE\Software\Microsoft\Windows\CurrentVersion\Installer\UserData\S-1-5-18\Components\2F16729B0CD30C74AB14ECBB18EC8489
47,HKEY_LOCAL_MACHINE\SOFTWARE\Wow6432Node\Microsoft\Windows\CurrentVersion\explorer\FolderDescriptions\{D65231B0-B2F1-4857-A4CE-A8E7C6EA7D27}
48,HKEY_LOCAL_MACHINE\SOFTWARE\Wow6432Node\Microsoft\Windows\CurrentVersion\explorer\FolderDescriptions\{4D9F7874-4E0C-4904-967B-40B0D20C3E4B}\PropertyBag
49,HKEY_LOCAL_MACHINE\SOFTWARE\Wow6432Node\Microsoft\Windows\CurrentVersion\explorer\FolderDescriptions\{DE974D24-D9C6-4D3E-BF91-F4455120B917}\PropertyBag
50,HKEY_LOCAL_MACHINE\SOFTWARE\Wow6432Node\Microsoft\Windows\CurrentVersion\explorer\FolderDescriptions\{4C5C32FF-BB9D-43B0-B5B4-2D72E54EAAA4}
51,HKEY_LOCAL_MACHINE\Software\Microsoft\Windows\CurrentVersion\Installer\UserData\S-1-5-18\Components\843393EA465E49848B5CBECBE527FE6C
52,HKEY_LOCAL_MACHINE\Software\Microsoft\Windows\CurrentVersion\Installer\UserData\S-1-5-18\Components\20408A7DECA81E3499AEDC79B34B068D
53,HKEY_LOCAL_MACHINE\Software\Microsoft\Windows\CurrentVersion\Policies\Explorer
54,HKEY_LOCAL_MACHINE\Software\Microsoft\Windows\CurrentVersion\Installer\UserData\S-1-5-18\Components\E2338564DA4241F499CB8A1F84247C0E
55,HKEY_LOCAL_MACHINE\Software\Microsoft\Windows\Windows Error Reporting
56,HKEY_LOCAL_MACHINE\Software\Microsoft\Windows\CurrentVersion\Installer\UserData\S-1-5-18\Components\999C517B849EA20439615E51AA3AE656
57,HKEY_LOCAL_MACHINE\Software\Microsoft\Windows\CurrentVersion\Installer\UserData\S-1-5-18\Components\A0EE96A41CA6D184BBC0EB7BE5112448
58,HKEY_LOCAL_MACHINE\SOFTWARE\Wow6432Node\Microsoft\Windows\CurrentVersion\explorer\FolderDescriptions\{C1BAE2D0-10DF-4334-BEDD-7AA20B227A9D}
59,HKEY_LOCAL_MACHINE\SOFTWARE\Microsoft\CTF\TIP\{0000897b-83df-4b96-be07-0fb58b01c4a4}\Category\Category\{534C48C1-0607-4098-A521-4FC899C73E90}
60,HKEY_LOCAL_MACHINE\Software\Microsoft\Windows\CurrentVersion\Installer\UserData\S-1-5-18\Components\B83E4051F25F0B3498EB2A19F77839D7
61,HKEY_LOCAL_MACHINE\SOFTWARE\Wow6432Node\Microsoft\Windows\CurrentVersion\explorer\FolderDescriptions\{905E63B6-C1BF-494E-B29C-65B732D3D21A}
62,HKEY_LOCAL_MACHINE\Software\Microsoft\Windows\CurrentVersion
63,HKEY_LOCAL_MACHINE\SOFTWARE\Wow6432Node\Microsoft\Windows\CurrentVersion\explorer\FolderDescriptions\{7B396E54-9EC5-4300-BE0A-2482EBAE1A26}
64,HKEY_LOCAL_MACHINE\Software\Microsoft\Windows\CurrentVersion\Installer\UserData\S-1-5-18\Components\7447602EBFB5BFB4DA7CC05A2ED92DA2
65,HKEY_LOCAL_MACHINE\Software\Microsoft\Windows\CurrentVersion\Installer\UserData\S-1-5-18\Components\E59338F6EAFB0A94093FEB8E7FF7A7A5
66,HKEY_LOCAL_MACHINE\Software\Microsoft\Windows\CurrentVersion\Installer\UserData\S-1-5-18\Components\D4D2CA74084DC5745B89E4A692329C4E
67,HKEY_CURRENT_USER\Software\Microsoft\Windows\CurrentVersion\Explorer\Advanced
68,HKEY_LOCAL_MACHINE\SOFTWARE\Wow6432Node\Microsoft\Windows\CurrentVersion\explorer\FolderDescriptions\{A520A1A4-1780-4FF6-BD18-167343C5AF16}
69,HKEY_LOCAL_MACHINE\Software\Microsoft\Windows\CurrentVersion\Installer\UserData\S-1-5-18\Components\405D828161D13004F84FAD265C49564B
70,HKEY_LOCAL_MACHINE\SOFTWARE\Wow6432Node\Microsoft\Windows\CurrentVersion\explorer\FolderDescriptions\{BFB9D5E0-C6A9-404C-B2B2-AE6DB6AF4968}\PropertyBag
71,HKEY_LOCAL_MACHINE\Software\Microsoft\Windows\CurrentVersion\Installer\UserData\S-1-5-18\Components\8ADD6CD0F820EFD42B8ADBD2CCD15EC3
72,HKEY_LOCAL_MACHINE\Software\Microsoft\Windows\CurrentVersion\Installer\UserData\S-1-5-18\Components\DA9B6CB9017891D438DCCA9FD0AB5AF2
73,HKEY_LOCAL_MACHINE\SOFTWARE\Wow6432Node\Microsoft\Windows\CurrentVersion\explorer\FolderDescriptions\{DE61D971-5EBC-4F02-A3A9-6C82895E5C04}
74,HKEY_LOCAL_MACHINE\Software\Microsoft\Windows\CurrentVersion\Installer\UserData\S-1-5-18\Components\7DBB1C92272110335A0AED12BD0473EB
75,HKEY_LOCAL_MACHINE\SOFTWARE\Wow6432Node\Microsoft\Cryptography\OID\EncodingType 0\CryptSIPDllIsMyFileType2\{06C9E010-38CE-11D4-A2A3-00104BD35090}
76,HKEY_LOCAL_MACHINE\Software\Microsoft\Windows\CurrentVersion\Installer\UserData\S-1-5-18\Components\909281E20206CAD49B1C20C8684344FE
77,HKEY_LOCAL_MACHINE\SOFTWARE\Wow6432Node\Microsoft\Windows\CurrentVersion\explorer\FolderDescriptions\{E555AB60-153B-4D17-9F04-A5FE99FC15EC}\PropertyBag
78,HKEY_LOCAL_MACHINE\SOFTWARE\Wow6432Node\Microsoft\Windows\CurrentVersion\explorer\FolderDescriptions\{ED4824AF-DCE4-45A8-81E2-FC7965083634}\PropertyBag
79,HKEY_LOCAL_MACHINE\SOFTWARE\Microsoft\CTF\TIP\{DCBD6FA8-032F-11D3-B5B1-00C04FC324A1}\Category\Category\{534C48C1-0607-4098-A521-4FC899C73E90}
80,HKEY_LOCAL_MACHINE\SOFTWARE\Classes\AllFilesystemObjects\DocObject
81,HKEY_CURRENT_USER\Software\Microsoft\Windows\CurrentVersion\Explorer\CLSID\{20D04FE0-3AEA-1069-A2D8-08002B30309D}\ShellFolder
82,HKEY_LOCAL_MACHINE\Software\Microsoft\Windows\CurrentVersion\Installer\UserData\S-1-5-18\Components\2CF7923A384F4284986E20682EB550ED
83,HKEY_LOCAL_MACHINE\Software\Microsoft\Windows\CurrentVersion\Installer\UserData\S-1-5-18\Components\02D0E27E36D0B834CB1729BAF9E9B845
84,HKEY_LOCAL_MACHINE\SOFTWARE\Wow6432Node\Microsoft\Windows\CurrentVersion\explorer\FolderDescriptions\{54EED2E0-E7CA-4FDB-9148-0F4247291CFA}\PropertyBag
85,HKEY_LOCAL_MACHINE\SOFTWARE\Wow6432Node\Microsoft\Windows\CurrentVersion\explorer\FolderDescriptions\{DFDF76A2-C82A-4D63-906A-5644AC457385}\PropertyBag
86,HKEY_LOCAL_MACHINE\SOFTWARE\Wow6432Node\Microsoft\Windows\CurrentVersion\explorer\FolderDescriptions\{C870044B-F49E-4126-A9C3-B52A1FF411E8}
87,HKEY_LOCAL_MACHINE\Software\Microsoft\Windows\CurrentVersion\Installer\UserData\S-1-5-18\Components\BC99558E78BC9514B8B4832404D2875A
88,HKEY_LOCAL_MACHINE\Software\Microsoft\Windows\CurrentVersion\Installer\UserData\S-1-5-18\Components\2B2FA954CE2F5374282E151D02083637
89,HKEY_LOCAL_MACHINE\SOFTWARE\Wow6432Node\Microsoft\Windows\CurrentVersion\explorer\FolderDescriptions\{4BFEFB45-347D-4006-A5BE-AC0CB0567192}\PropertyBag
90,HKEY_LOCAL_MACHINE\Software\Microsoft\Windows\CurrentVersion\Installer\UserData\S-1-5-18\Components\B6C468F8F8250534E92DA89F1E20D9B0
91,HKEY_LOCAL_MACHINE\Software\Microsoft\Windows\CurrentVersion\Installer\UserData\S-1-5-18\Components\E87D8AF9A4B832D4E994A7FD08BCC9E0
92,HKEY_LOCAL_MACHINE\Software\Microsoft\Windows\CurrentVersion\Installer\UserData\S-1-5-18\Components\713A3DA4A11FBF04296AB125EAEFE28C
93,HKEY_LOCAL_MACHINE\SOFTWARE\Wow6432Node\Microsoft\Windows\CurrentVersion\explorer\FolderDescriptions\{3EB685DB-65F9-4CF6-A03A-E3EF65729F3D}
94,HKEY_LOCAL_MACHINE\Software\Microsoft\Cryptography\Providers\Trust\Certificate\{00AAC56B-CD44-11D0-8CC2-00C04FC295EE}
95,HKEY_LOCAL_MACHINE\Software\Microsoft\Windows\CurrentVersion\Installer\UserData\S-1-5-18\Components\9496DD01D3025E34F9523F1DB646F63B
96,HKEY_LOCAL_MACHINE\Software\Microsoft\Windows\CurrentVersion\Installer\UserData\S-1-5-18\Components\E3A266C263A511040ACC9FF3D44D39E2
97,HKEY_LOCAL_MACHINE\Software\Microsoft\Windows\CurrentVersion\Installer\UserData\S-1-5-18\Components\2A3522D9621824542BE9201B6F2DDC9F
98,HKEY_LOCAL_MACHINE\SOFTWARE\Wow6432Node\Microsoft\Windows\CurrentVersion\explorer\FolderDescriptions\{CAC52C1A-B53D-4EDC-92D7-6B2E8AC19434}\PropertyBag
99,HKEY_LOCAL_MACHINE\Software\Microsoft\Windows\CurrentVersion\Installer\UserData\S-1-5-18\Components\5E560759C3F5B1348B1617CA987A1381
100,HKEY_LOCAL_MACHINE\Software\Policies\Microsoft\Windows NT\Rpc
101,HKEY_LOCAL_MACHINE\SOFTWARE\Wow6432Node\Microsoft\Windows\CurrentVersion\explorer\FolderDescriptions\{A990AE9F-A03B-4E80-94BC-9912D7504104}
102,HKEY_LOCAL_MACHINE\Software\Microsoft\Windows\CurrentVersion\Installer\UserData\S-1-5-18\Components\9BB8A76146A1B263E890F48D1B0F01E8
103,HKEY_LOCAL_MACHINE\Software\Microsoft\Windows\CurrentVersion\Installer\UserData\S-1-5-18\Components\D991B4FC2407F464B86239191CBE3F9C
104,HKEY_LOCAL_MACHINE\SOFTWARE\Wow6432Node\Microsoft\Windows\CurrentVersion\explorer\FolderDescriptions\{18989B1D-99B5-455B-841C-AB7C74E4DDFC}
105,HKEY_LOCAL_MACHINE\SOFTWARE\Classes\Directory\ShellEx\IconHandler
106,HKEY_LOCAL_MACHINE\SOFTWARE\Wow6432Node\Microsoft\Windows\CurrentVersion\explorer\FolderDescriptions\{B250C668-F57D-4EE1-A63C-290EE7D1AA1F}\PropertyBag
107,HKEY_LOCAL_MACHINE\SOFTWARE\Wow6432Node\Microsoft\Cryptography\OID\EncodingType 1\CryptSIPDllIsMyFileType2
108,HKEY_LOCAL_MACHINE\SOFTWARE\Wow6432Node\Microsoft\Windows\CurrentVersion\explorer\FolderDescriptions\{2A00375E-224C-49DE-B8D1-440DF7EF3DDC}\PropertyBag
109,HKEY_LOCAL_MACHINE\Software\Microsoft\Windows\CurrentVersion\Installer\UserData\S-1-5-18\Components\4137A4B43A45B41408D108C64B9AEDC1
110,HKEY_LOCAL_MACHINE\Software\Microsoft\Windows\CurrentVersion\Installer\UserData\S-1-5-18\Components\ABA399D11AADDD74396DA117136EDCFE
111,HKEY_LOCAL_MACHINE\SOFTWARE\Wow6432Node\Microsoft\Windows\CurrentVersion\explorer\FolderDescriptions\{625B53C3-AB48-4EC1-BA1F-A1EF4146FC19}\PropertyBag
112,HKEY_CURRENT_USER\SOFTWARE\Microsoft\Windows\CurrentVersion\ThumbnailCache
113,HKEY_LOCAL_MACHINE\SOFTWARE\Microsoft\Windows\CurrentVersion\ShellCompatibility\Objects\{DFFACDC5-679F-4156-8947-C5C76BC0B67F}
114,HKEY_LOCAL_MACHINE\SOFTWARE\Wow6432Node\Microsoft\Windows\CurrentVersion\explorer\FolderDescriptions\{B7534046-3ECB-4C18-BE4E-64CD4CB7D6AC}
115,HKEY_LOCAL_MACHINE\SOFTWARE\Wow6432Node\Microsoft\Windows\CurrentVersion\explorer\FolderDescriptions\{52528A6B-B9E3-4ADD-B60D-588C2DBA842D}\PropertyBag
116,HKEY_LOCAL_MACHINE\SOFTWARE\Wow6432Node\Microsoft\Windows\CurrentVersion\explorer\FolderDescriptions\{B6EBFB86-6907-413C-9AF7-4FC2ABF07CC5}
117,HKEY_CURRENT_USER\Software\Microsoft\Windows\CurrentVersion\Action Center\Checks\{945a8954-c147-4acd-923f-40c45405a658}.check.42
118,HKEY_LOCAL_MACHINE\SOFTWARE\Wow6432Node\Microsoft\Windows\CurrentVersion\explorer\FolderDescriptions\{5CE4A5E9-E4EB-479D-B89F-130C02886155}
119,HKEY_LOCAL_MACHINE\SOFTWARE\Classes\AllFilesystemObjects\Clsid
120,HKEY_LOCAL_MACHINE\SOFTWARE\Classes\Directory\Clsid
121,HKEY_CURRENT_USER\Keyboard Layout\Toggle
122,HKEY_LOCAL_MACHINE\Software\Microsoft\Windows\CurrentVersion\Installer\UserData\S-1-5-18\Components\E5B36245FA4A1B24EB20EA2BB593F149
123,HKEY_LOCAL_MACHINE\SOFTWARE\Wow6432Node\Microsoft\Windows\CurrentVersion\explorer\FolderDescriptions\{82A74AEB-AEB4-465C-A014-D097EE346D63}
124,HKEY_LOCAL_MACHINE\SOFTWARE\Wow6432Node\Microsoft\Windows\CurrentVersion\explorer\FolderDescriptions\{3EB685DB-65F9-4CF6-A03A-E3EF65729F3D}\PropertyBag
125,HKEY_LOCAL_MACHINE\SOFTWARE\Microsoft\CTF\TIP\{531FDEBF-9B4C-4A43-A2AA-960E8FCDC732}\Category\Category\{534C48C1-0607-4098-A521-4FC899C73E90}
126,HKEY_LOCAL_MACHINE\Software\Microsoft\Windows\CurrentVersion\Installer\UserData\S-1-5-18\Components\05BD2D63C3B875F43B05A4A31A0628BF
127,HKEY_LOCAL_MACHINE\SOFTWARE\Wow6432Node\Microsoft\Windows\CurrentVersion\explorer\FolderDescriptions\{DE974D24-D9C6-4D3E-BF91-F4455120B917}
128,HKEY_LOCAL_MACHINE\Software\Microsoft\Windows\CurrentVersion\Installer\UserData\S-1-5-18\Components\1C0EE3236E87CE636B08EE9C7403EE19
129,HKEY_LOCAL_MACHINE\Software\Microsoft\Windows\CurrentVersion\Installer\UserData\S-1-5-18\Components\705EFDCA6A617844F942D6F3268B8279
130,HKEY_LOCAL_MACHINE\Software\Microsoft\Windows\CurrentVersion\Installer\UserData\S-1-5-18\Components\82CC51D1065F61D47BB18DDE2895AE62
131,HKEY_LOCAL_MACHINE\SOFTWARE\Wow6432Node\Microsoft\Windows\CurrentVersion\explorer\FolderDescriptions\{B94237E7-57AC-4347-9151-B08C6C32D1F7}
132,HKEY_LOCAL_MACHINE\SOFTWARE\Wow6432Node\Microsoft\Cryptography\OID\EncodingType 0
133,HKEY_LOCAL_MACHINE\SOFTWARE\Wow6432Node\Microsoft\Cryptography\OID\EncodingType 1
134,HKEY_CURRENT_USER\Software\Microsoft\Windows\CurrentVersion\Explorer
135,HKEY_CURRENT_USER\Software\Microsoft\Windows\CurrentVersion\Explorer\UsersFiles\NameSpace
136,HKEY_LOCAL_MACHINE\Software\Microsoft\Windows\CurrentVersion\Installer\UserData\S-1-5-18\Components\FC271526B8EBA073BB778D86B925A4D6
137,HKEY_LOCAL_MACHINE\SOFTWARE\Wow6432Node\Microsoft\Windows\CurrentVersion\explorer\FolderDescriptions\{5CD7AEE2-2219-4A67-B85D-6C9CE15660CB}
138,HKEY_LOCAL_MACHINE\SOFTWARE\Wow6432Node\Microsoft\Windows\CurrentVersion\explorer\FolderDescriptions\{D9DC8A3B-B784-432E-A781-5A1130A75963}\PropertyBag
139,HKEY_LOCAL_MACHINE\SOFTWARE\Wow6432Node\Microsoft\Cryptography\OID\EncodingType 0\CryptSIPDllPutSignedDataMsg\{C689AAB8-8E78-11D0-8C47-00C04FC295EE}
140,HKEY_LOCAL_MACHINE\Software\Microsoft\Windows\CurrentVersion\Installer\UserData\S-1-5-18\Components\013E9269CD2304745AE6A870572C9960
141,HKEY_LOCAL_MACHINE\SOFTWARE\Wow6432Node\Microsoft\Windows\CurrentVersion\explorer\UsersFiles\NameSpace\DelegateFolders\{DFFACDC5-679F-4156-8947-C5C76BC0B67F}
142,HKEY_LOCAL_MACHINE\SOFTWARE\Wow6432Node\Microsoft\Windows\CurrentVersion\explorer\FolderDescriptions\{190337D1-B8CA-4121-A639-6D472D16972A}
143,HKEY_LOCAL_MACHINE\Software\Microsoft\Windows\CurrentVersion\Installer\UserData\S-1-5-18\Components\87ED1FF08A425B945A54D9369F57170B
144,HKEY_CURRENT_USER\Software\Microsoft\Windows\CurrentVersion\Action Center\Providers\EventLog\{DAB69A6A-4D2A-4D44-94BF-E0091898C881}
145,HKEY_CURRENT_USER\Software\Microsoft\Windows\CurrentVersion\Action Center\Checks\{DAB69A6A-4D2A-4D44-94BF-E0091898C881}.check.100
146,HKEY_LOCAL_MACHINE\Software\Microsoft\Windows\CurrentVersion\Installer\UserData\S-1-5-18\Components\4AE20C00B4A58A0409ADB4C3D7B04B44
147,HKEY_LOCAL_MACHINE\Software\Microsoft\Windows\CurrentVersion\Installer\UserData\S-1-5-18\Components\FC091BB19170D9A409464C21A39A36B3
148,HKEY_LOCAL_MACHINE\SOFTWARE\Classes\TypeLib\{F935DC20-1CF0-11D0-ADB9-00C04FD58A0B}\1.0\0\win32
149,HKEY_LOCAL_MACHINE\Software\Microsoft\Windows\CurrentVersion\Installer\UserData\S-1-5-18\Components\6B78F96D468A25E41B24818DCB300B7C
150,HKEY_LOCAL_MACHINE\Software\Microsoft\Windows\CurrentVersion\Installer\UserData\S-1-5-18\Components\4C68E35DAF3B2B24283B5D7EAB0CFEAD
151,HKEY_LOCAL_MACHINE\Software\Microsoft\Windows\CurrentVersion\Installer\UserData\S-1-5-18\Components\3846654E819455E4ABADB9011F3F1553
152,HKEY_LOCAL_MACHINE\Software\Microsoft\Windows\CurrentVersion\Installer\UserData\S-1-5-18\Components\DA7585ECDEB6DE14AABA49140B6CA213
153,HKEY_LOCAL_MACHINE\SOFTWARE\Wow6432Node\Microsoft\Windows\CurrentVersion\explorer\FolderDescriptions\{352481E8-33BE-4251-BA85-6007CAEDCF9D}
154,HKEY_LOCAL_MACHINE\Software\Microsoft\Windows\CurrentVersion\Installer\UserData\S-1-5-18\Components\04939F7CA5722D24896AEABE227F693A
155,HKEY_LOCAL_MACHINE\SOFTWARE\Wow6432Node\Microsoft\Windows\CurrentVersion\explorer\FolderDescriptions\{C5ABBF53-E17F-4121-8900-86626FC2C973}
156,HKEY_LOCAL_MACHINE\SOFTWARE\Wow6432Node\Microsoft\Windows\CurrentVersion\explorer\FolderDescriptions\{9E3995AB-1F9C-4F13-B827-48B24B6C7174}\PropertyBag
157,HKEY_LOCAL_MACHINE\Software\Microsoft\Windows\CurrentVersion\Installer\UserData\S-1-5-18\Components\EEEE87AA3BFEBCF409DEE7180EED8A83
158,HKEY_LOCAL_MACHINE\Software\Microsoft\Windows\CurrentVersion\Installer\UserData\S-1-5-18\Components\DC6B6A7F707C8AA4BAB4A0A04FE3A360
159,HKEY_LOCAL_MACHINE\SOFTWARE\Wow6432Node\Microsoft\Windows\CurrentVersion\explorer\UsersFiles\NameSpace\DelegateFolders
160,HKEY_LOCAL_MACHINE\Software\Microsoft\Windows\CurrentVersion\Installer\UserData\S-1-5-18\Components\2D53A35E59196BC4CB9EBB2B7F90466D
161,HKEY_LOCAL_MACHINE\Software\Microsoft\Windows\CurrentVersion\Installer\UserData\S-1-5-18\Components\A6824B7CA3CD81344BA223DC591132A0
162,HKEY_LOCAL_MACHINE\Software\Microsoft\Windows\CurrentVersion\Installer\UserData\S-1-5-18\Components\F952D64B3DEF19A4FAD38302B6CA4660
163,HKEY_LOCAL_MACHINE\SOFTWARE\Wow6432Node\Microsoft\Windows\CurrentVersion\explorer\FolderDescriptions\{0139D44E-6AFE-49F2-8690-3DAFCAE6FFB8}
164,HKEY_LOCAL_MACHINE\Software\Microsoft\Windows\CurrentVersion\Installer\UserData\S-1-5-18\Components\638BAF8FEC5E9F645963D084A26A0B2D
165,HKEY_LOCAL_MACHINE\Software\Microsoft\Windows\CurrentVersion\Installer\UserData\S-1-5-18\Components\27D29B2547D2C114CA2E53AA5DA592AF
166,HKEY_LOCAL_MACHINE\Software\Microsoft\Windows\CurrentVersion\Installer\Managed\S-1-5-21-630811646-38694049-2128768863-1000\Installer\Products\00004109110000000000000000F01FEC
167,HKEY_LOCAL_MACHINE\SOFTWARE\Classes\Directory\(Default)
168,HKEY_LOCAL_MACHINE\Software\Microsoft\Windows\CurrentVersion\Installer\UserData\S-1-5-18\Components\A1CD289F6DBDA1C49A23309B0ED3EA85
169,HKEY_LOCAL_MACHINE\Software\Microsoft\Windows\CurrentVersion\Installer\UserData\S-1-5-18\Components\E009C76CEC08635368DB50E4DDD1CAA1
170,HKEY_LOCAL_MACHINE\SOFTWARE\Wow6432Node\Microsoft\Windows\CurrentVersion\explorer\FolderDescriptions\{0F214138-B1D3-4A90-BBA9-27CBC0C5389A}\PropertyBag
171,HKEY_CURRENT_USER\Software\Microsoft\Installer\Features\00004109110000000000000000F01FEC
172,HKEY_LOCAL_MACHINE\Software\Microsoft\Windows\CurrentVersion\Installer\UserData\S-1-5-18\Components\89C4F4763B2344B49973962892D0DAD2
173,HKEY_LOCAL_MACHINE\Software\Microsoft\Windows\CurrentVersion\Installer\UserData\S-1-5-18\Components\C52986B0EDD8A824BB6B14FC2316FA42
174,HKEY_LOCAL_MACHINE\SOFTWARE\Wow6432Node\Microsoft\Windows\CurrentVersion\explorer\FolderDescriptions\{4BFEFB45-347D-4006-A5BE-AC0CB0567192}
175,HKEY_CURRENT_USER\Software\Microsoft\Windows\CurrentVersion\Explorer\UsersFiles\NameSpace\DelegateFolders
176,HKEY_LOCAL_MACHINE\SOFTWARE\Wow6432Node\Microsoft\Windows\CurrentVersion\explorer\FolderDescriptions\{D20BEEC4-5CA8-4905-AE3B-BF251EA09B53}
177,HKEY_LOCAL_MACHINE\SOFTWARE\Microsoft\CTF\TIP\{81D4E9C9-1D3B-41BC-9E6C-4B40BF79E35E}\Category\Category\{534C48C1-0607-4098-A521-4FC899C73E90}
178,HKEY_LOCAL_MACHINE\Software\Microsoft\Windows\CurrentVersion\Installer\UserData\S-1-5-18\Components\D3BAFC344CD3A054BBE267B97BA33A77
179,HKEY_LOCAL_MACHINE\SOFTWARE\Wow6432Node\Microsoft\Windows\CurrentVersion\explorer\FolderDescriptions\{56784854-C6CB-462B-8169-88E350ACB882}\PropertyBag
180,HKEY_LOCAL_MACHINE\SOFTWARE\Wow6432Node\Microsoft\Cryptography\OID\EncodingType 0\CryptSIPDllPutSignedDataMsg\{06C9E010-38CE-11D4-A2A3-00104BD35090}
181,HKEY_LOCAL_MACHINE\Software\Microsoft\Windows\CurrentVersion\Installer\UserData\S-1-5-18\Components\3E86E599144A2D746BA40C2232590D88
182,HKEY_LOCAL_MACHINE\SOFTWARE\Wow6432Node\Microsoft\Windows\CurrentVersion\explorer\FolderDescriptions\{EE32E446-31CA-4ABA-814F-A5EBD2FD6D5E}\PropertyBag
183,HKEY_LOCAL_MACHINE\Software\Microsoft\Windows\CurrentVersion\Installer\UserData\S-1-5-18\Components\F8F90B57F99A22F4A9D6F48B6A5CC3FF
184,HKEY_LOCAL_MACHINE\SOFTWARE\Wow6432Node\Microsoft\Windows\CurrentVersion\explorer\FolderDescriptions\{6F0CD92B-2E97-45D1-88FF-B0D186B8DEDD}
185,HKEY_LOCAL_MACHINE\SOFTWARE\Microsoft\Windows\CurrentVersion\Run
186,HKEY_LOCAL_MACHINE\SOFTWARE\Wow6432Node\Microsoft\Cryptography\OID\EncodingType 0\CryptSIPDllGetSignedDataMsg\{C689AAB9-8E78-11D0-8C47-00C04FC295EE}
187,HKEY_LOCAL_MACHINE\Software\Microsoft\Windows\CurrentVersion\Installer\UserData\S-1-5-18\Components\A7F78BF47A0C69A40AD928BD7E022C5E
188,HKEY_CURRENT_USER\Software\Policies\Microsoft\Windows\System
189,HKEY_LOCAL_MACHINE\Software\Microsoft\Windows NT\CurrentVersion\ProfileList\S-1-5-21-630811646-38694049-2128768863-1000
190,HKEY_LOCAL_MACHINE\SOFTWARE\Wow6432Node\Microsoft\Cryptography\OID\EncodingType 1\CryptSIPDllPutSignedDataMsg
191,HKEY_LOCAL_MACHINE\Software\Microsoft\Windows\CurrentVersion\Installer\UserData\S-1-5-18\Products\00004109110000000000000000F01FEC\Features
192,HKEY_LOCAL_MACHINE\SOFTWARE\Wow6432Node\Microsoft\Windows\CurrentVersion\explorer\FolderDescriptions\{F1B32785-6FBA-4FCF-9D55-7B8E7F157091}
193,HKEY_LOCAL_MACHINE\SOFTWARE\Microsoft\CTF\Compatibility\@WanaDecryptor@.exe
194,HKEY_LOCAL_MACHINE\Software\Microsoft\Windows\CurrentVersion\Installer\UserData\S-1-5-18\Components\3ED3E59BE98AFEF42AEAB8C97DDCD4DC
195,HKEY_LOCAL_MACHINE\SOFTWARE\Wow6432Node\Microsoft\Windows\CurrentVersion\explorer\FolderDescriptions\{8983036C-27C0-404B-8F08-102D10DCFD74}
196,HKEY_LOCAL_MACHINE\SOFTWARE\Wow6432Node\Microsoft\Windows\CurrentVersion\explorer\FolderDescriptions\{859EAD94-2E85-48AD-A71A-0969CB56A6CD}\PropertyBag
197,HKEY_LOCAL_MACHINE\SOFTWARE\Wow6432Node\Microsoft\Cryptography\OID\EncodingType 0\CryptSIPDllPutSignedDataMsg\{DE351A43-8E59-11D0-8C47-00C04FC295EE}
198,HKEY_LOCAL_MACHINE\Software\Microsoft\Windows\CurrentVersion\Installer\UserData\S-1-5-18\Components\416B68731BF92B2499F636B3553A0D3C
199,HKEY_LOCAL_MACHINE\Software\Microsoft\Windows\CurrentVersion\Installer\UserData\S-1-5-18\Components\4511FFE2A2991754EB4DF641A3CB12F0
200,HKEY_CLASSES_ROOT\Folder
201,HKEY_LOCAL_MACHINE\Software\Microsoft\Windows\CurrentVersion\Installer\UserData\S-1-5-18\Components\3A6D2077B64803E30B7837065053EB74
202,HKEY_LOCAL_MACHINE\SOFTWARE\Wow6432Node\Microsoft\Windows\CurrentVersion\explorer\FolderDescriptions\{374DE290-123F-4565-9164-39C4925E467B}\PropertyBag
203,HKEY_LOCAL_MACHINE\SOFTWARE\Wow6432Node\Microsoft\Windows\CurrentVersion\explorer\FolderDescriptions\{C1BAE2D0-10DF-4334-BEDD-7AA20B227A9D}\PropertyBag
204,HKEY_LOCAL_MACHINE\SOFTWARE\Wow6432Node\Microsoft\Cryptography\OID\EncodingType 0\CryptSIPDllGetSignedDataMsg\{DE351A43-8E59-11D0-8C47-00C04FC295EE}
205,HKEY_LOCAL_MACHINE\SOFTWARE\Wow6432Node\Microsoft\Windows\CurrentVersion\explorer\FolderDescriptions\{0762D272-C50A-4BB0-A382-697DCD729B80}
206,HKEY_LOCAL_MACHINE\SOFTWARE\Wow6432Node\Microsoft\Windows\CurrentVersion\explorer\FolderDescriptions\{8AD10C31-2ADB-4296-A8F7-E4701232C972}
207,HKEY_LOCAL_MACHINE\SOFTWARE\Wow6432Node\Microsoft\Windows\CurrentVersion\explorer\FolderDescriptions\{C4AA340D-F20F-4863-AFEF-F87EF2E6BA25}\PropertyBag
208,HKEY_LOCAL_MACHINE\SOFTWARE\Wow6432Node\Microsoft\Windows\CurrentVersion\explorer\FolderDescriptions\{FD228CB7-AE11-4AE3-864C-16F3910AB8FE}\PropertyBag
209,HKEY_LOCAL_MACHINE\SOFTWARE\Wow6432Node\Microsoft\Windows\CurrentVersion\explorer\FolderDescriptions\{B250C668-F57D-4EE1-A63C-290EE7D1AA1F}
210,HKEY_LOCAL_MACHINE\SOFTWARE\Classes\TypeLib\{F935DC20-1CF0-11D0-ADB9-00C04FD58A0B}\1.0\9
211,HKEY_LOCAL_MACHINE\Software\Microsoft\Windows\CurrentVersion\Installer\UserData\S-1-5-18\Components\49DFBA7AF457A8B4EBD5783F921FACC2
212,HKEY_LOCAL_MACHINE\Software\Microsoft\Windows\CurrentVersion\Installer\UserData\S-1-5-18\Components\2013422903DD09642BF72216B9DFB814
213,HKEY_LOCAL_MACHINE\SOFTWARE\Classes\TypeLib\{F935DC20-1CF0-11D0-ADB9-00C04FD58A0B}\1.0\0
214,HKEY_LOCAL_MACHINE\SOFTWARE\Wow6432Node\Microsoft\Cryptography\OID\EncodingType 0\CryptSIPDllPutSignedDataMsg\{AB13F5B1-F718-11D0-82AA-00AA00C065E1}
215,HKEY_LOCAL_MACHINE\SOFTWARE\Wow6432Node\Microsoft\Windows\CurrentVersion\explorer\FolderDescriptions\{D0384E7D-BAC3-4797-8F14-CBA229B392B5}
216,HKEY_LOCAL_MACHINE\Software\Microsoft\Windows\CurrentVersion\Installer\UserData\S-1-5-18\Components\48FE5406FFE108C46A87CCA153459D86
217,HKEY_LOCAL_MACHINE\Software\Microsoft\Windows\CurrentVersion\Installer\UserData\S-1-5-18\Components\40831BFF879672848BC2669E8847CFB3
218,HKEY_LOCAL_MACHINE\SOFTWARE\Wow6432Node\Microsoft\Cryptography\OID\EncodingType 0\CryptSIPDllPutSignedDataMsg\{1629F04E-2799-4DB5-8FE5-ACE10F17EBAB}
219,HKEY_LOCAL_MACHINE\SOFTWARE\Wow6432Node\Microsoft\Cryptography\OID\EncodingType 0\CryptSIPDllPutSignedDataMsg\{C689AAB9-8E78-11D0-8C47-00C04FC295EE}
220,HKEY_LOCAL_MACHINE\SOFTWARE\Wow6432Node\Microsoft\Windows\CurrentVersion\explorer\FolderDescriptions\{4BD8D571-6D19-48D3-BE97-422220080E43}\PropertyBag
221,HKEY_LOCAL_MACHINE\SOFTWARE\Wow6432Node\Microsoft\Cryptography\OID\EncodingType 0\CryptSIPDllGetSignedDataMsg\{C689AABA-8E78-11D0-8C47-00C04FC295EE}
222,HKEY_LOCAL_MACHINE\SOFTWARE\Wow6432Node\Microsoft\Cryptography\OID\EncodingType 0\CryptSIPDllIsMyFileType2\{1629F04E-2799-4DB5-8FE5-ACE10F17EBAB}
223,HKEY_LOCAL_MACHINE\Software\Microsoft\Windows\CurrentVersion\Installer\UserData\S-1-5-18\Components\2D762436AF7B6B543820741456BDAF60
224,HKEY_CURRENT_USER\Software\Microsoft\Windows\CurrentVersion\Action Center\Providers\EventLog\{945a8954-c147-4acd-923f-40c45405a658}
225,HKEY_LOCAL_MACHINE\SOFTWARE\Microsoft\CTF\TIP\{03B5835F-F03C-411B-9CE2-AA23E1171E36}\Category\Category\{534C48C1-0607-4098-A521-4FC899C73E90}
226,HKEY_LOCAL_MACHINE\Software\Microsoft\Windows\CurrentVersion\Installer\UserData\S-1-5-18\Components\304225DA0A80689489E4CEBA8B478F00
227,HKEY_CLASSES_ROOT\VBSFile\ScriptEngine
228,HKEY_CURRENT_USER\Software\Microsoft\Windows\CurrentVersion\Explorer\(Default)
229,HKEY_CURRENT_USER\Software\Policies\Microsoft\Windows\Explorer
230,HKEY_LOCAL_MACHINE\Software\Microsoft\Windows\CurrentVersion\Installer\UserData\S-1-5-18\Components\B52CE99D472678B4EA7A7F67A449FC0E
231,HKEY_LOCAL_MACHINE\Software\Microsoft\Windows\CurrentVersion\Installer\UserData\S-1-5-18\Components\0B5C02588961CF8428890C980B9F3DD0
232,HKEY_LOCAL_MACHINE\SOFTWARE\Wow6432Node\Microsoft\Windows\CurrentVersion\explorer\FolderDescriptions\{3D644C9B-1FB8-4F30-9B45-F670235F79C0}
233,HKEY_LOCAL_MACHINE\Software\Microsoft\Windows\CurrentVersion\Installer\UserData\S-1-5-18\Components\4F0828882F99FA94587A431791A7B8E8
234,HKEY_LOCAL_MACHINE\Software\Microsoft\Windows\CurrentVersion\Installer\UserData\S-1-5-18\Components\9D474E7E9FB172E42A102B59039D88B0
235,HKEY_LOCAL_MACHINE\Software\Microsoft\Windows\CurrentVersion\Installer\UserData\S-1-5-18\Components\59ABA340D3F15A947A14E3A25A3AA2D8
236,HKEY_LOCAL_MACHINE\Software\Microsoft\Windows\CurrentVersion\Installer\UserData\S-1-5-18\Components\3A46C35748C407B4CA700417B94E79E6
237,HKEY_LOCAL_MACHINE\SOFTWARE\Wow6432Node\Microsoft\Windows\CurrentVersion\explorer\FolderDescriptions\{7B0DB17D-9CD2-4A93-9733-46CC89022E7C}
238,HKEY_LOCAL_MACHINE\SOFTWARE\Wow6432Node\Microsoft\Windows\CurrentVersion\explorer\FolderDescriptions\{52A4F021-7B75-48A9-9F6B-4B87A210BC8F}
239,HKEY_LOCAL_MACHINE\Software\Microsoft\Windows\CurrentVersion\Installer\UserData\S-1-5-18\Components\567D3332CC8D8B342B449DA5431AD4A3
240,HKEY_LOCAL_MACHINE\Software\Microsoft\Windows\CurrentVersion\Installer\UserData\S-1-5-18\Components\71F29A41E8E9D64489BE90FE768930A5
241,HKEY_LOCAL_MACHINE\Software\Microsoft\Windows\CurrentVersion\Installer\UserData\S-1-5-18\Components\88BED145644E29C42AE635AEEC52926E
242,HKEY_LOCAL_MACHINE\Software\Microsoft\Windows\CurrentVersion\Installer\UserData\S-1-5-18\Components\930C3E038C051E94A952D0ADE9D4A4AA
243,HKEY_LOCAL_MACHINE\Software\Microsoft\Windows\CurrentVersion\Installer\UserData\S-1-5-18\Components\CCCB6CC6A1A288037B4AA64D8B1B14B2
244,HKEY_LOCAL_MACHINE\Software\Microsoft\Windows\CurrentVersion\Installer\UserData\S-1-5-18\Components\6635176C7AA317E44ACB2ABD3CDC83E7
245,HKEY_CURRENT_USER\Software\Policies\Microsoft\SystemCertificates\TrustedPublisher\Safer
246,HKEY_LOCAL_MACHINE\Software\Microsoft\Windows\CurrentVersion\Installer\UserData\S-1-5-18\Components\9EEE3C2A4CC070B4FBEFE8E47B5673B8
247,HKEY_LOCAL_MACHINE\SOFTWARE\Wow6432Node\Microsoft\Windows\CurrentVersion\explorer\FolderDescriptions\{A75D362E-50FC-4FB7-AC2C-A8BEAA314493}\PropertyBag
248,HKEY_CURRENT_USER\Software\Microsoft\Windows\Windows Error Reporting\ERC
249,HKEY_LOCAL_MACHINE\SOFTWARE\Microsoft\CTF\TIP\
250,HKEY_LOCAL_MACHINE\SOFTWARE\Wow6432Node\Microsoft\Windows\CurrentVersion\explorer\FolderDescriptions\{82A5EA35-D9CD-47C5-9629-E15D2F714E6E}
251,HKEY_CURRENT_USER\Software\Microsoft\CTF\DirectSwitchHotkeys
252,HKEY_LOCAL_MACHINE\Software\Microsoft\Windows\CurrentVersion\Installer\UserData\S-1-5-18\Components\F981A1FB64E7D144A8C5AB7A12AC105E
253,HKEY_LOCAL_MACHINE\SOFTWARE\Classes\WScript.Shell\CLSID
254,HKEY_LOCAL_MACHINE\Software\Microsoft\Windows\CurrentVersion\Installer\UserData\S-1-5-18\Components\5C7A0C004D9021E478A8F00E9B37CDCA
255,HKEY_LOCAL_MACHINE\Software\Microsoft\Windows\CurrentVersion\Installer\UserData\S-1-5-18\Components\E5CA2F046DBE5DD4AB26A22CFCF883D8
256,HKEY_LOCAL_MACHINE\Software\Microsoft\Windows\CurrentVersion\Installer\UserData\S-1-5-18\Components\7122F57A45DA6AE3EA412F558F665013
257,HKEY_LOCAL_MACHINE\SOFTWARE\Wow6432Node\Microsoft\Windows\CurrentVersion\explorer\FolderDescriptions\{190337D1-B8CA-4121-A639-6D472D16972A}\PropertyBag
258,HKEY_LOCAL_MACHINE\Software\Microsoft\Windows\CurrentVersion\Installer\UserData\S-1-5-18\Components\67C12EF40671B7342A2F990919031A57
259,HKEY_LOCAL_MACHINE\Software\Microsoft\Windows\CurrentVersion\Installer\UserData\S-1-5-18\Components\40B8D465365F3D440B6A705865860017
260,HKEY_LOCAL_MACHINE\SOFTWARE\Wow6432Node\Microsoft\Windows\CurrentVersion\explorer\FolderDescriptions\{A77F5D77-2E2B-44C3-A6A2-ABA601054A51}\PropertyBag
261,HKEY_LOCAL_MACHINE\SOFTWARE\Wow6432Node\Microsoft\Windows\CurrentVersion\explorer\FolderDescriptions\{1B3EA5DC-B587-4786-B4EF-BD1DC332AEAE}
262,HKEY_LOCAL_MACHINE\SOFTWARE\Wow6432Node\Microsoft\Windows\CurrentVersion\explorer\FolderDescriptions\{BFB9D5E0-C6A9-404C-B2B2-AE6DB6AF4968}
263,HKEY_LOCAL_MACHINE\Software\Microsoft\Windows\CurrentVersion\Installer\UserData\S-1-5-18\Components\2827EAF21BE7F6242AD913C730BED551
264,HKEY_LOCAL_MACHINE\SOFTWARE\Wow6432Node\Microsoft\Windows\CurrentVersion\explorer\FolderDescriptions\{6F0CD92B-2E97-45D1-88FF-B0D186B8DEDD}\PropertyBag
265,HKEY_LOCAL_MACHINE\SOFTWARE\Wow6432Node\Microsoft\Windows\CurrentVersion\explorer\FolderDescriptions\{5E6C858F-0E22-4760-9AFE-EA3317B67173}\PropertyBag
266,HKEY_LOCAL_MACHINE\SOFTWARE\Wow6432Node\Microsoft\Windows\CurrentVersion\explorer\FolderDescriptions\{B97D20BB-F46A-4C97-BA10-5E3608430854}
267,HKEY_LOCAL_MACHINE\SOFTWARE\Wow6432Node\Microsoft\Windows\CurrentVersion\explorer\FolderDescriptions\{1B3EA5DC-B587-4786-B4EF-BD1DC332AEAE}\PropertyBag
268,HKEY_LOCAL_MACHINE\System\CurrentControlSet\Services\LanmanWorkstation\Parameters
269,HKEY_LOCAL_MACHINE\Software\Microsoft\Windows\CurrentVersion\Installer\UserData\S-1-5-18\Components\DCDA62B963C46924FAEFC7AB0374DC1B
270,HKEY_LOCAL_MACHINE\Software\Microsoft\Windows\CurrentVersion\Installer\UserData\S-1-5-18\Components\4D18DE905BD78FC48A594175D75DF03C
271,HKEY_LOCAL_MACHINE\Software\Microsoft\Windows\CurrentVersion\Installer\UserData\S-1-5-18\Components\EA3E47A4BA59B834E879E37322B2B7AF
272,HKEY_LOCAL_MACHINE\SOFTWARE\Classes\Directory\BrowseInPlace
273,HKEY_LOCAL_MACHINE\Software\Microsoft\Windows\CurrentVersion\Installer\UserData\S-1-5-18\Components\1B1CE6A9E646B1544A15BC039B124CF5
274,HKEY_CURRENT_USER\Software\Microsoft\Installer\Products\CEE59B4B722796F49A8140A37F6535DA
275,HKEY_LOCAL_MACHINE\Software\Microsoft\Windows\CurrentVersion\Installer\UserData\S-1-5-18\Components\E5662AAC3C25DB146AAC19A85ACE43E9
276,HKEY_CURRENT_USER\Software\Microsoft\Windows\CurrentVersion\Explorer\SessionInfo\1
277,HKEY_LOCAL_MACHINE\SOFTWARE\Wow6432Node\Microsoft\Windows\CurrentVersion\explorer\FolderDescriptions\{1AC14E77-02E7-4E5D-B744-2EB1AE5198B7}\PropertyBag
278,HKEY_LOCAL_MACHINE\SOFTWARE\Wow6432Node\Microsoft\Windows\CurrentVersion\explorer\FolderDescriptions\{33E28130-4E1E-4676-835A-98395C3BC3BB}
279,HKEY_LOCAL_MACHINE\SOFTWARE\Wow6432Node\Microsoft\Windows\CurrentVersion\explorer\FolderDescriptions\{B88F4DAA-E7BD-49A9-B74D-02885A5DC765}\PropertyBag
280,HKEY_LOCAL_MACHINE\Software\Microsoft\Windows\CurrentVersion\Installer\UserData\S-1-5-18\Components\A797E9C6DA00C984FAC32F2417ED5F25
281,HKEY_LOCAL_MACHINE\SOFTWARE\Wow6432Node\Microsoft\Windows\CurrentVersion\explorer\FolderDescriptions\{7D1D3A04-DEBB-4115-95CF-2F29DA2920DA}
282,HKEY_LOCAL_MACHINE\Software\Microsoft\Windows\CurrentVersion\Installer\UserData\S-1-5-18\Components\722818E9DE5CC564389E034517AD3D78
283,HKEY_LOCAL_MACHINE\SOFTWARE\Wow6432Node\Microsoft\Windows\CurrentVersion\explorer\FolderDescriptions\{7C5A40EF-A0FB-4BFC-874A-C0F2E0B9FA8E}
284,HKEY_CURRENT_USER\Software\Microsoft\Windows\CurrentVersion\Explorer\MountPoints2\CPC\Volume\{1e49b747-e34b-11e8-8ec5-806e6f6e6963}\
285,HKEY_LOCAL_MACHINE\Software\Microsoft\Windows\CurrentVersion\Installer\UserData\S-1-5-18\Components\99B4B15E3EE41104DBF9DCBDF15F5BED
286,HKEY_LOCAL_MACHINE\Software\Microsoft\Windows\CurrentVersion\Setup
287,HKEY_LOCAL_MACHINE\Software\Microsoft\Windows\CurrentVersion\Installer\UserData\S-1-5-18\Components\86EE1DEB37E43BC4896128BBFE2A7072
288,HKEY_LOCAL_MACHINE\Software\Microsoft\Windows\CurrentVersion\Installer\UserData\S-1-5-18\Components\FFE8E5A39EFFBFB3C91EB0A7344C3917
289,HKEY_LOCAL_MACHINE\SOFTWARE\Wow6432Node\Microsoft\Windows\CurrentVersion\explorer\FolderDescriptions\{B7534046-3ECB-4C18-BE4E-64CD4CB7D6AC}\PropertyBag
290,HKEY_LOCAL_MACHINE\SOFTWARE\Wow6432Node\Microsoft\Windows\CurrentVersion\explorer\FolderDescriptions\{F7F1ED05-9F6D-47A2-AAAE-29D317C6F066}\PropertyBag
291,HKEY_CLASSES_ROOT\Drive\shellex\FolderExtensions\{fbeb8a05-beee-4442-804e-409d6c4515e9}
292,HKEY_LOCAL_MACHINE\Software\Microsoft\Windows\CurrentVersion\Installer\UserData\S-1-5-18\Components\690AAD6B02A4EFF4391276A850AD65E8
293,HKEY_LOCAL_MACHINE\Software\Microsoft\Windows\CurrentVersion\Installer\UserData\S-1-5-18\Components\9F5FAA0D36CC11B4BAC899501E2B906D
294,HKEY_LOCAL_MACHINE\Software\Microsoft\Windows\CurrentVersion\Installer\UserData\S-1-5-18\Components\B94A7B5299C774043899E794CED30574
295,HKEY_LOCAL_MACHINE\SOFTWARE\Wow6432Node\Microsoft\Windows\CurrentVersion\explorer\FolderDescriptions\{98EC0E18-2098-4D44-8644-66979315A281}\PropertyBag
296,HKEY_LOCAL_MACHINE\SOFTWARE\Wow6432Node\Microsoft\Windows\CurrentVersion\explorer\FolderDescriptions\{B4BFCC3A-DB2C-424C-B029-7FE99A87C641}\PropertyBag
297,HKEY_LOCAL_MACHINE\Software\Microsoft\Windows\CurrentVersion\Installer\UserData\S-1-5-18\Components\615AE87BB986D3A468E954D0537274EA
298,HKEY_LOCAL_MACHINE\Software\Microsoft\Windows\CurrentVersion\Installer\UserData\S-1-5-18\Components\723C2F65179512E4D80BD2034028D528
299,HKEY_LOCAL_MACHINE\SOFTWARE\Wow6432Node\Microsoft\Windows\CurrentVersion\explorer\FolderDescriptions\{DF7266AC-9274-4867-8D55-3BD661DE872D}
300,HKEY_LOCAL_MACHINE\Software\Microsoft\Windows\CurrentVersion\Installer\UserData\S-1-5-18\Components\84CDB4AE027E0E448948DC5C8F29F373
301,HKEY_LOCAL_MACHINE\Software\Microsoft\Windows\CurrentVersion\Installer\UserData\S-1-5-18\Components\BBB21EA0C8BA4A44E87A4C8369CAA6BE
302,HKEY_LOCAL_MACHINE\SOFTWARE\Wow6432Node\Microsoft\Windows\CurrentVersion\explorer\FolderDescriptions\{2400183A-6185-49FB-A2D8-4A392A602BA3}\PropertyBag
303,HKEY_LOCAL_MACHINE\SOFTWARE\Wow6432Node\Microsoft\Windows\CurrentVersion\explorer\FolderDescriptions\{8AD10C31-2ADB-4296-A8F7-E4701232C972}\PropertyBag
304,HKEY_LOCAL_MACHINE\Software\Microsoft\Windows\CurrentVersion\Installer\UserData\S-1-5-18\Components\05CEA9EC5FEA8574EA748DE4ABC952AD
305,HKEY_LOCAL_MACHINE\Software\Microsoft\Windows\CurrentVersion\PropertySystem\PropertyHandlers\.bmp
306,HKEY_LOCAL_MACHINE\Software\Microsoft\Windows\CurrentVersion\Installer\UserData\S-1-5-18\Components\FB77723BFCB84D138A19CBBF155CD452
307,HKEY_LOCAL_MACHINE\Software\Microsoft\Windows\CurrentVersion\Installer\UserData\S-1-5-18\Components\DE06D63C28806BE4E9CDD593CEA3B3A5
308,HKEY_LOCAL_MACHINE\Software\Microsoft\Windows\CurrentVersion\Installer\UserData\S-1-5-18\Components\7E569675EFDB1D5468BDD6E2C9D55E96
309,HKEY_LOCAL_MACHINE\SOFTWARE\Wow6432Node\Microsoft\Windows\CurrentVersion\explorer\FolderDescriptions\{52A4F021-7B75-48A9-9F6B-4B87A210BC8F}\PropertyBag
310,HKEY_LOCAL_MACHINE\Software\Microsoft\Windows\CurrentVersion\Explorer\KindMap
311,HKEY_LOCAL_MACHINE\Software\Microsoft\Windows\CurrentVersion\Installer\UserData\S-1-5-18\Components\48FFDCEC1CCE7B146B1F44066D670F84
312,HKEY_LOCAL_MACHINE\Software\Microsoft\Windows\CurrentVersion\Installer\UserData\S-1-5-18\Components\CCC74C4A51FA56E4E9F98EBA4D289373
313,HKEY_LOCAL_MACHINE\SOFTWARE\Classes\TypeLib\{F935DC20-1CF0-11D0-ADB9-00C04FD58A0B}\1.0\0\win64
314,HKEY_LOCAL_MACHINE\Software\Microsoft\Windows\CurrentVersion\Installer\UserData\S-1-5-18\Components\29F75FDC562D03F4FADA713F84FD02CD
315,HKEY_LOCAL_MACHINE\Software\Microsoft\Windows\CurrentVersion\Installer\UserData\S-1-5-18\Components\0283E042C21402145B5FA1646BBB1592
316,HKEY_LOCAL_MACHINE\Software\Microsoft\Windows\CurrentVersion\Installer\UserData\S-1-5-18\Components\12A5B079A5B29604CACF62DC0D419D17
317,HKEY_LOCAL_MACHINE\SOFTWARE\Wow6432Node\Microsoft\Windows\CurrentVersion\explorer\FolderDescriptions\{7B396E54-9EC5-4300-BE0A-2482EBAE1A26}\PropertyBag
318,HKEY_LOCAL_MACHINE\SOFTWARE\Wow6432Node\Microsoft\Windows\CurrentVersion\explorer\FolderDescriptions\{48DAF80B-E6CF-4F4E-B800-0E69D84EE384}
319,HKEY_LOCAL_MACHINE\Software\Microsoft\Windows\CurrentVersion\Installer\Managed\S-1-5-21-630811646-38694049-2128768863-1000\Installer\Products\CEE59B4B722796F49A8140A37F6535DA
320,HKEY_LOCAL_MACHINE\SOFTWARE\Classes\Wow6432Node\CLSID\{72C24DD5-D70A-438B-8A42-98424B88AFB8}\InprocHandler
321,HKEY_LOCAL_MACHINE\SOFTWARE\Wow6432Node\Microsoft\Windows\CurrentVersion\explorer\FolderDescriptions\{15CA69B3-30EE-49C1-ACE1-6B5EC372AFB5}
322,HKEY_LOCAL_MACHINE\SOFTWARE\Classes\TypeLib\{F935DC20-1CF0-11D0-ADB9-00C04FD58A0B}\1.0
323,HKEY_LOCAL_MACHINE\Software\Microsoft\Windows\CurrentVersion\Installer\UserData\S-1-5-18\Components\04BA731A334B4834ABD3DD25E4C03EF3
324,HKEY_LOCAL_MACHINE\SOFTWARE\Wow6432Node\Microsoft\Windows\CurrentVersion\explorer\FolderDescriptions\{E555AB60-153B-4D17-9F04-A5FE99FC15EC}
325,HKEY_LOCAL_MACHINE\Software\Microsoft\Windows\CurrentVersion\Shell Extensions\Blocked
326,HKEY_LOCAL_MACHINE\SOFTWARE\Wow6432Node\Microsoft\Windows\CurrentVersion\explorer\FolderDescriptions\{43668BF8-C14E-49B2-97C9-747784D784B7}\PropertyBag
327,HKEY_LOCAL_MACHINE\Software\Microsoft\Windows\CurrentVersion\Installer\UserData\S-1-5-18\Components\104ECBD48FB74DF44BBBB7E0FBCA89D2
328,HKEY_LOCAL_MACHINE\Software\Microsoft\Windows\CurrentVersion\Installer\UserData\S-1-5-18\Components\ECFD207EA50C6EB4A8A14DF795B6D0DC
329,HKEY_LOCAL_MACHINE\Software\Microsoft\Windows\CurrentVersion\Installer\UserData\S-1-5-18\Components\26C8983E3CE619441849C988DA174686
330,HKEY_LOCAL_MACHINE\Software\Microsoft\Windows\CurrentVersion\Installer\UserData\S-1-5-18\Components\8DAB761F8C7AA3342902F14B513257A0
331,HKEY_LOCAL_MACHINE\SOFTWARE\Wow6432Node\Microsoft\Windows\CurrentVersion\explorer\FolderDescriptions\{289A9A43-BE44-4057-A41B-587A76D7E7F9}\PropertyBag
332,HKEY_LOCAL_MACHINE\SOFTWARE\Wow6432Node\Microsoft\Windows\CurrentVersion\explorer\FolderDescriptions\{EE32E446-31CA-4ABA-814F-A5EBD2FD6D5E}
333,HKEY_LOCAL_MACHINE\SOFTWARE\Wow6432Node\Microsoft\Windows\CurrentVersion\explorer\FolderDescriptions\{D65231B0-B2F1-4857-A4CE-A8E7C6EA7D27}\PropertyBag
334,HKEY_LOCAL_MACHINE\Software\Microsoft\Windows\CurrentVersion\Installer\UserData\S-1-5-18\Components\D715C75D1DC7BEA47AB3AB7794E31B52
335,HKEY_LOCAL_MACHINE\SOFTWARE\Classes\Wow6432Node\CLSID\{72C24DD5-D70A-438B-8A42-98424B88AFB8}\InprocServer32
336,HKEY_LOCAL_MACHINE\Software\Microsoft\Windows\CurrentVersion\Installer\UserData\S-1-5-18\Components\A705783945E69294EB11B8A53BE31545
337,HKEY_LOCAL_MACHINE\Software\Microsoft\Windows\CurrentVersion\Installer\UserData\S-1-5-18\Components\EDC1EADAF74746448856265154F7C6F2
338,HKEY_LOCAL_MACHINE\SOFTWARE\Wow6432Node\Microsoft\Windows\CurrentVersion\explorer\FolderDescriptions\{A77F5D77-2E2B-44C3-A6A2-ABA601054A51}
339,HKEY_LOCAL_MACHINE\Software\Microsoft\Windows\CurrentVersion\Installer\UserData\S-1-5-18\Components\1982085E3AB56B140A3827AF84FFA8CD
340,HKEY_LOCAL_MACHINE\Software\Microsoft\Windows\CurrentVersion\Installer\UserData\S-1-5-18\Components\01D7E55FB8CB1DA44A989727677444B4
341,HKEY_LOCAL_MACHINE\SOFTWARE\Wow6432Node\Microsoft\Windows\CurrentVersion\explorer\FolderDescriptions\{7B0DB17D-9CD2-4A93-9733-46CC89022E7C}\PropertyBag
342,HKEY_LOCAL_MACHINE\Software\Microsoft\Windows\CurrentVersion\Installer\UserData\S-1-5-18\Components\6904D46C60240B045AE30469DA8A9D3A
343,HKEY_CURRENT_USER\Software\Microsoft\Windows\CurrentVersion\App Paths\cscript.exe
344,HKEY_LOCAL_MACHINE\SOFTWARE\Wow6432Node\Microsoft\Windows\CurrentVersion\explorer\FolderDescriptions\{3214FAB5-9757-4298-BB61-92A9DEAA44FF}
345,HKEY_LOCAL_MACHINE\Software\Microsoft\Windows\CurrentVersion\Installer\UserData\S-1-5-18\Components\D684195474EB54A429709B62660D9368
346,HKEY_LOCAL_MACHINE\Software\Microsoft\Windows\CurrentVersion\Installer\UserData\S-1-5-18\Components\753C36EE30790214DA993402CF956905
347,HKEY_LOCAL_MACHINE\Software\Microsoft\Windows\CurrentVersion\Explorer\CLSID\{DFFACDC5-679F-4156-8947-C5C76BC0B67F}\ShellFolder
348,HKEY_LOCAL_MACHINE\Software\Microsoft\Rpc
349,HKEY_LOCAL_MACHINE\Software\Microsoft\Windows\CurrentVersion\Installer\UserData\S-1-5-18\Components\87AD4024607FD6D408FE586C11504FFC
350,HKEY_LOCAL_MACHINE\SOFTWARE\Wow6432Node\Microsoft\Windows\CurrentVersion\explorer\FolderDescriptions\{8983036C-27C0-404B-8F08-102D10DCFD74}\PropertyBag
351,HKEY_LOCAL_MACHINE\Software\Microsoft\Windows\CurrentVersion\Installer\UserData\S-1-5-18\Components\AE0C4AC69FBCD8646A66640BB322C85E
352,HKEY_LOCAL_MACHINE\Software\Microsoft\Windows\CurrentVersion\Installer\UserData\S-1-5-18\Components\A60820D393F3D164F9ADC5939EC59076
353,HKEY_LOCAL_MACHINE\Software\Microsoft\Windows\CurrentVersion\Installer\UserData\S-1-5-18\Components\856C8A14768638249AD1D8D0923B5203
354,HKEY_LOCAL_MACHINE\Software\Microsoft\Windows\CurrentVersion\Installer\UserData\S-1-5-18\Components\8DD31FFC2FE6BE942B563EFB6C05C1D1
355,HKEY_LOCAL_MACHINE\SOFTWARE\Wow6432Node\Microsoft\Cryptography\OID\EncodingType 0\CryptSIPDllPutSignedDataMsg\{000C10F1-0000-0000-C000-000000000046}
356,HKEY_LOCAL_MACHINE\SOFTWARE\Wow6432Node\Microsoft\Windows\CurrentVersion\explorer\FolderDescriptions\{A63293E8-664E-48DB-A079-DF759E0509F7}
357,HKEY_LOCAL_MACHINE\SOFTWARE\Wow6432Node\Microsoft\Windows\CurrentVersion\explorer\FolderDescriptions\{F7F1ED05-9F6D-47A2-AAAE-29D317C6F066}
358,HKEY_LOCAL_MACHINE\Software\Microsoft\Windows\CurrentVersion\Installer\Managed\S-1-5-21-630811646-38694049-2128768863-1000\Installer\Features\CEE59B4B722796F49A8140A37F6535DA
359,HKEY_LOCAL_MACHINE\Software\Microsoft\Windows\CurrentVersion\Installer\UserData\S-1-5-18\Components\DB34A05395350CA4B88BD638E6043971
360,HKEY_LOCAL_MACHINE\SOFTWARE\Wow6432Node\Microsoft\Windows\CurrentVersion\explorer\FolderDescriptions\{AE50C081-EBD2-438A-8655-8A092E34987A}\PropertyBag
361,HKEY_LOCAL_MACHINE\SOFTWARE\Wow6432Node\Microsoft\Windows\CurrentVersion\explorer\FolderDescriptions\{33E28130-4E1E-4676-835A-98395C3BC3BB}\PropertyBag
362,HKEY_LOCAL_MACHINE\Software\Microsoft\Windows\CurrentVersion\Installer\UserData\S-1-5-18\Components\87576EFEB25EE0141987991144D3FBA5
363,HKEY_LOCAL_MACHINE\SOFTWARE\Wow6432Node\Microsoft\Windows\CurrentVersion\explorer\FolderDescriptions\{1777F761-68AD-4D8A-87BD-30B759FA33DD}
364,HKEY_LOCAL_MACHINE\Software\Microsoft\Windows\CurrentVersion\Installer\UserData\S-1-5-18\Components\A8CD4AD91379E0F3B85DCF71AC8684DA
365,HKEY_LOCAL_MACHINE\Software\Microsoft\Windows\CurrentVersion\Installer\UserData\S-1-5-18\Components\F6EA893ACFEF06C4FB229D869E586440
366,HKEY_LOCAL_MACHINE\Software\Microsoft\Windows\CurrentVersion\Installer\UserData\S-1-5-18\Components\47429B03E1CCC024594CE82804EB5FCE
367,HKEY_LOCAL_MACHINE\Software\Microsoft\Windows\CurrentVersion\Installer\UserData\S-1-5-18\Components\F951972BD72AFB246A2AF4FE2C7E954F
368,HKEY_CURRENT_USER\Software\Microsoft\Windows\CurrentVersion\Action Center\Checks\{852FB1F8-5CC6-4567-9C0E-7C330F8807C2}.check.100
369,HKEY_CURRENT_USER\Software\Microsoft\Windows\CurrentVersion\Action Center\Checks\{852FB1F8-5CC6-4567-9C0E-7C330F8807C2}.check.101
370,HKEY_LOCAL_MACHINE\Software\Microsoft\Windows\CurrentVersion\Installer\UserData\S-1-5-18\Components\D98EA82F48E563A41ABB68B244D3B27E
371,HKEY_LOCAL_MACHINE\SOFTWARE\Wow6432Node\Microsoft\Windows\CurrentVersion\explorer\FolderDescriptions\{18989B1D-99B5-455B-841C-AB7C74E4DDFC}\PropertyBag
372,HKEY_LOCAL_MACHINE\SOFTWARE\Wow6432Node\Microsoft\Cryptography\OID\EncodingType 0\CryptSIPDllGetSignedDataMsg\{1A610570-38CE-11D4-A2A3-00104BD35090}
373,HKEY_LOCAL_MACHINE\Software\Microsoft\Cryptography\Providers\Trust\CertCheck\{00AAC56B-CD44-11D0-8CC2-00C04FC295EE}
374,HKEY_LOCAL_MACHINE\SOFTWARE\Wow6432Node\Microsoft\Cryptography\OID\EncodingType 0\CryptSIPDllIsMyFileType2
375,HKEY_LOCAL_MACHINE\Software\Microsoft\Windows\CurrentVersion\Installer\UserData\S-1-5-18\Components\155C61ADD5EA17C4BB66F870437F1D54
376,HKEY_LOCAL_MACHINE\SOFTWARE\Wow6432Node\Microsoft\Windows\CurrentVersion\explorer\FolderDescriptions\{724EF170-A42D-4FEF-9F26-B60E846FBA4F}
377,HKEY_LOCAL_MACHINE\Software\Microsoft\Windows\CurrentVersion\Installer\UserData\S-1-5-18\Components\443DEA9101B16344993D31BA8F033E02
378,HKEY_CURRENT_USER\Software\Policies\Microsoft\Windows\Windows Error Reporting
379,HKEY_LOCAL_MACHINE\SOFTWARE\Wow6432Node\Microsoft\Windows\CurrentVersion\explorer\FolderDescriptions\{2A00375E-224C-49DE-B8D1-440DF7EF3DDC}
380,HKEY_CURRENT_USER\Software\Microsoft\Installer\Features\CEE59B4B722796F49A8140A37F6535DA
381,HKEY_LOCAL_MACHINE\Software\Microsoft\Windows\CurrentVersion\Explorer\CLSID\{59031A47-3F72-44A7-89C5-5595FE6B30EE}\ShellFolder
382,HKEY_LOCAL_MACHINE\SOFTWARE\Wow6432Node\Microsoft\Windows\CurrentVersion\explorer\FolderDescriptions\{9E52AB10-F80D-49DF-ACB8-4330F5687855}
383,HKEY_LOCAL_MACHINE\SOFTWARE\Wow6432Node\Microsoft\Windows\CurrentVersion\explorer\FolderDescriptions\{56784854-C6CB-462B-8169-88E350ACB882}
384,HKEY_LOCAL_MACHINE\Software\Microsoft\Windows\CurrentVersion\Installer\UserData\S-1-5-18\Components\E75D600EC62622648AA9AA06E6035D52
385,HKEY_LOCAL_MACHINE\Software\Microsoft\Windows\CurrentVersion\Installer\UserData\S-1-5-18\Components\29731734CD2333940995A2B963A7E582
386,HKEY_LOCAL_MACHINE\SOFTWARE\Wow6432Node\Microsoft\Windows\CurrentVersion\explorer\FolderDescriptions\{DEBF2536-E1A8-4C59-B6A2-414586476AEA}\PropertyBag
387,HKEY_LOCAL_MACHINE\Software\Microsoft\Windows\CurrentVersion\Installer\UserData\S-1-5-18\Components\71DC43D25D7C7E846B2B09964566947D
388,HKEY_LOCAL_MACHINE\Software\Microsoft\Windows\CurrentVersion\Installer\UserData\S-1-5-18\Components\CDA9D4CC940F7DC45939E28EFBBCF8B1
389,HKEY_LOCAL_MACHINE\SOFTWARE\Microsoft\CTF\TIP\{C1EE01F2-B3B6-4A6A-9DDD-E988C088EC82}\Category\Category\{534C48C1-0607-4098-A521-4FC899C73E90}
390,HKEY_LOCAL_MACHINE\Software\Microsoft\Windows\CurrentVersion\Installer\UserData\S-1-5-18\Components\4821C69D85691B240B4C7689CF990C62
391,HKEY_LOCAL_MACHINE\SOFTWARE\Wow6432Node\Microsoft\Windows\CurrentVersion\explorer\FolderDescriptions\{0AC0837C-BBF8-452A-850D-79D08E667CA7}\PropertyBag
392,HKEY_CURRENT_USER\Software\Microsoft\Windows\CurrentVersion\Action Center\Providers\EventLog\{01979c6a-42fa-414c-b8aa-eee2c8202018}
393,HKEY_LOCAL_MACHINE\SOFTWARE\Microsoft\CTF\
394,HKEY_LOCAL_MACHINE\Software\Microsoft\Windows\CurrentVersion\Installer\UserData\S-1-5-18\Components\60A72EFF3FB4D5541A084952B16383F3
395,HKEY_LOCAL_MACHINE\Software\WanaCrypt0r
396,HKEY_LOCAL_MACHINE\Software\Microsoft\Windows\CurrentVersion\Installer\UserData\S-1-5-18\Components\6B19C2F68D81AA94AA8E29FFE748EDF5
397,HKEY_LOCAL_MACHINE\SOFTWARE\Wow6432Node\Microsoft\Windows\CurrentVersion\explorer\FolderDescriptions\{2B0F765D-C0E9-4171-908E-08A611B84FF6}\PropertyBag
398,HKEY_LOCAL_MACHINE\Software\Microsoft\Windows\CurrentVersion\Installer\UserData\S-1-5-18\Components\241227030D07CA645A272355C6647CEB
399,HKEY_CURRENT_USER\Software\Microsoft\Windows\CurrentVersion\Shell Extensions\Cached
400,HKEY_LOCAL_MACHINE\SOFTWARE\Wow6432Node\Microsoft\Windows\CurrentVersion\explorer\FolderDescriptions\{0AC0837C-BBF8-452A-850D-79D08E667CA7}
401,HKEY_CURRENT_USER\Software\Microsoft\Windows\CurrentVersion\Explorer\MountPoints2\CPC\Volume
402,HKEY_LOCAL_MACHINE\SOFTWARE\Classes\Folder\ShellEx\IconHandler
403,HKEY_LOCAL_MACHINE\Software\Microsoft\Windows\CurrentVersion\Installer\UserData\S-1-5-18\Components\EBC25C69D2204934BA9E3900F26F08C3
404,HKEY_LOCAL_MACHINE\Software\Microsoft\Windows\CurrentVersion\Installer\UserData\S-1-5-18\Components\FBE838189F44C4949BF72495ADCBF37A
405,HKEY_LOCAL_MACHINE\SOFTWARE\Wow6432Node\Microsoft\Windows\CurrentVersion\explorer\FolderDescriptions\{A305CE99-F527-492B-8B1A-7E76FA98D6E4}
406,HKEY_LOCAL_MACHINE\SOFTWARE\Wow6432Node\Microsoft\Windows\CurrentVersion\explorer\FolderDescriptions\{915221FB-9EFE-4BDA-8FD7-F78DCA774F87}\PropertyBag
407,HKEY_LOCAL_MACHINE\SOFTWARE\Wow6432Node\Microsoft\Windows\CurrentVersion\explorer\FolderDescriptions\{352481E8-33BE-4251-BA85-6007CAEDCF9D}\PropertyBag
408,HKEY_LOCAL_MACHINE\SOFTWARE\Wow6432Node\Microsoft\Cryptography\OID\EncodingType 0\CryptSIPDllPutSignedDataMsg\{603BCC1F-4B59-4E08-B724-D2C6297EF351}
409,HKEY_LOCAL_MACHINE\Software\Microsoft\Windows\CurrentVersion\Installer\UserData\S-1-5-18\Components\82DF10BB7D2A038409C68C0929389598
410,HKEY_LOCAL_MACHINE\Software\Microsoft\Windows\CurrentVersion\Installer\UserData\S-1-5-18\Components\CD8542B7A2A12ED4F8EE2AEB46DBBD3C
411,HKEY_LOCAL_MACHINE\SOFTWARE\Microsoft\CTF\TIP\{FA445657-9379-11D6-B41A-00065B83EE53}\Category\Category\{534C48C1-0607-4098-A521-4FC899C73E90}
412,HKEY_LOCAL_MACHINE\Software\Microsoft\Windows\CurrentVersion\Installer\UserData\S-1-5-18\Components\595273BDEAD50DF3E8E69B1B0681CE84
413,HKEY_LOCAL_MACHINE\Software\Microsoft\Windows\CurrentVersion\Installer\UserData\S-1-5-18\Components\0992CE675F29AC54DB19EA172353953C
414,HKEY_CLASSES_ROOT\.vbs
415,HKEY_LOCAL_MACHINE\Software\Microsoft\Windows\CurrentVersion\Installer\UserData\S-1-5-18\Components\9ECA35218B70DA142A2D4916318EDA29
416,HKEY_LOCAL_MACHINE\SOFTWARE\Wow6432Node\Microsoft\Windows\CurrentVersion\explorer\FolderDescriptions\{5CE4A5E9-E4EB-479D-B89F-130C02886155}\PropertyBag
417,HKEY_LOCAL_MACHINE\Software\Microsoft\Windows\CurrentVersion\Installer\UserData\S-1-5-18\Components\7F79262F519E04F4A95117036AD5FC6D
418,HKEY_LOCAL_MACHINE\SOFTWARE\Wow6432Node\Microsoft\Windows\CurrentVersion\explorer\FolderDescriptions\{B4BFCC3A-DB2C-424C-B029-7FE99A87C641}
419,HKEY_LOCAL_MACHINE\Software\Microsoft\Cryptography\Providers\Trust\FinalPolicy\{00AAC56B-CD44-11D0-8CC2-00C04FC295EE}
420,HKEY_LOCAL_MACHINE\Software\Microsoft\Windows\CurrentVersion\Installer\UserData\S-1-5-18\Components\92B7D0DC7E985C94E81ED558E8FF5239
421,HKEY_CURRENT_USER\VBScript
422,HKEY_LOCAL_MACHINE\SOFTWARE\Wow6432Node\Microsoft\Windows\CurrentVersion\explorer\FolderDescriptions\{2112AB0A-C86A-4FFE-A368-0DE96E47012E}\PropertyBag
423,HKEY_LOCAL_MACHINE\SOFTWARE\Wow6432Node\Microsoft\Windows\CurrentVersion\explorer\FolderDescriptions\{2112AB0A-C86A-4FFE-A368-0DE96E47012E}
424,HKEY_LOCAL_MACHINE\SOFTWARE\Wow6432Node\Microsoft\Windows\CurrentVersion\explorer\FolderDescriptions\{4D9F7874-4E0C-4904-967B-40B0D20C3E4B}
425,HKEY_LOCAL_MACHINE\Software\Microsoft\Windows\CurrentVersion\Installer\UserData\S-1-5-18\Components\92B2C0607259A3143AF8B797E84389D9
426,HKEY_LOCAL_MACHINE\Software\Microsoft\Windows\CurrentVersion\Installer\UserData\S-1-5-18\Components\E76572D8D3D52F449849F14EDCB67B3D
427,HKEY_LOCAL_MACHINE\SOFTWARE\Wow6432Node\Microsoft\Windows\CurrentVersion\explorer\FolderDescriptions\{054FAE61-4DD8-4787-80B6-090220C4B700}
428,HKEY_LOCAL_MACHINE\Software\Microsoft\Windows\CurrentVersion\Installer\UserData\S-1-5-18\Components\2B139F4A634161043A07E405B4987B30
429,HKEY_LOCAL_MACHINE\Software\Microsoft\Windows\CurrentVersion\Installer\UserData\S-1-5-18\Components\198B04717E873AC47B62DA0307073629
430,HKEY_LOCAL_MACHINE\SOFTWARE\Wow6432Node\Microsoft\Cryptography\OID\EncodingType 0\CryptSIPDllIsMyFileType
431,HKEY_LOCAL_MACHINE\Software\Microsoft\Windows\CurrentVersion\Installer\UserData\S-1-5-18\Components\95ECF4B42BC41A34DBDBEFAA44AFD1C8
432,HKEY_LOCAL_MACHINE\Software\Microsoft\Windows\CurrentVersion\Installer\UserData\S-1-5-18\Components\E628C910A54494645A0BB00FF8CCE4EE
433,HKEY_CURRENT_USER\Software\Microsoft\Windows\Shell\Associations\UrlAssociations\Directory
434,HKEY_LOCAL_MACHINE\SOFTWARE\Wow6432Node\Microsoft\Windows\CurrentVersion\explorer\FolderDescriptions\{BCB5256F-79F6-4CEE-B725-DC34E402FD46}\PropertyBag
435,HKEY_CURRENT_USER\Software\Microsoft\Windows\CurrentVersion\WinTrust\Trust Providers\Software Publishing
436,HKEY_LOCAL_MACHINE\Software\Microsoft\Windows\CurrentVersion\Installer\UserData\S-1-5-18\Components\985BE589FCDCDE64DB6879F107259DEF
437,HKEY_LOCAL_MACHINE\SOFTWARE\Wow6432Node\Microsoft\Windows\CurrentVersion\explorer\FolderDescriptions\{69D2CF90-FC33-4FB7-9A0C-EBB0F0FCB43C}\PropertyBag
438,HKEY_CURRENT_USER\Software\Microsoft\Windows\CurrentVersion\Explorer\CLSID\{59031A47-3F72-44A7-89C5-5595FE6B30EE}\ShellFolder
439,HKEY_CURRENT_USER\Software\Microsoft\Windows\CurrentVersion\Action Center\Checks\{11CD958A-C507-4EF3-B3F2-5FD9DFBD2C78}.check.101
440,HKEY_LOCAL_MACHINE\SOFTWARE\Wow6432Node\Microsoft\Windows\CurrentVersion\explorer\FolderDescriptions\{A75D362E-50FC-4FB7-AC2C-A8BEAA314493}
441,HKEY_LOCAL_MACHINE\Software\Microsoft\Windows\CurrentVersion\Installer\UserData\S-1-5-18\Components\D90B8D0738CEDB14593B99ADD26D72C0
442,HKEY_LOCAL_MACHINE\Software\Microsoft\Windows\CurrentVersion\Installer\UserData\S-1-5-18\Components\0CAF1010253A07940A6C2D2C1565D033
443,HKEY_LOCAL_MACHINE\Software\Microsoft\Windows\CurrentVersion\Installer\UserData\S-1-5-18\Components\772C3946B9805F240A057E81202DA281
444,HKEY_LOCAL_MACHINE\SOFTWARE\Microsoft\CTF\TIP\{78CB5B0E-26ED-4FCC-854C-77E8F3D1AA80}\Category\Category\{534C48C1-0607-4098-A521-4FC899C73E90}
445,HKEY_LOCAL_MACHINE\Software\Microsoft\Windows\CurrentVersion\Installer\UserData\S-1-5-18\Components\EB99F50B4881B6449900A9708E0AC062
446,HKEY_LOCAL_MACHINE\Software\Policies\Microsoft\Windows\Windows Error Reporting
447,HKEY_LOCAL_MACHINE\Software\Microsoft\SystemCertificates\TrustedPublisher\Safer
448,HKEY_LOCAL_MACHINE\Software\Microsoft\Windows\CurrentVersion\Installer\UserData\S-1-5-18\Components\F3ACFBDEB5CB8974CB78AC6AE96E5B80
449,HKEY_LOCAL_MACHINE\Software\Microsoft\Windows\CurrentVersion\Installer\UserData\S-1-5-18\Components\822B9D4296B1C8D4597518BA6424D1A1
450,HKEY_LOCAL_MACHINE\SOFTWARE\Wow6432Node\Microsoft\Windows\CurrentVersion\explorer\FolderDescriptions\{ED4824AF-DCE4-45A8-81E2-FC7965083634}
451,HKEY_LOCAL_MACHINE\SOFTWARE\Wow6432Node\Microsoft\Windows\CurrentVersion\explorer\FolderDescriptions\{76FC4E2D-D6AD-4519-A663-37BD56068185}\PropertyBag
452,HKEY_LOCAL_MACHINE\SOFTWARE\Wow6432Node\Microsoft\Windows\CurrentVersion\explorer\FolderDescriptions\{62AB5D82-FDC1-4DC3-A9DD-070D1D495D97}
453,HKEY_LOCAL_MACHINE\SOFTWARE\Wow6432Node\Microsoft\Windows\CurrentVersion\explorer\FolderDescriptions\{A63293E8-664E-48DB-A079-DF759E0509F7}\PropertyBag
454,HKEY_LOCAL_MACHINE\Software\Microsoft\Windows\CurrentVersion\Installer\UserData\S-1-5-18\Components\B96E7433D238FEC439E945B5FC6D4005
455,HKEY_LOCAL_MACHINE\SOFTWARE\Wow6432Node\Microsoft\Windows\CurrentVersion\explorer\FolderDescriptions\{F3CE0F7C-4901-4ACC-8648-D5D44B04EF8F}
456,HKEY_LOCAL_MACHINE\SOFTWARE\Wow6432Node\Microsoft\Windows\CurrentVersion\explorer\FolderDescriptions\{1AC14E77-02E7-4E5D-B744-2EB1AE5198B7}
457,HKEY_CURRENT_USER\Software\Microsoft\Windows\CurrentVersion\Policies\System
458,HKEY_LOCAL_MACHINE\SOFTWARE\Wow6432Node\Microsoft\Windows\CurrentVersion\explorer\FolderDescriptions\{DE92C1C7-837F-4F69-A3BB-86E631204A23}
459,HKEY_CURRENT_USER\Software\Microsoft\Windows\CurrentVersion\Policies\NonEnum
460,HKEY_LOCAL_MACHINE\Software\Microsoft\Windows\CurrentVersion\Installer\UserData\S-1-5-18\Components\0F8B3D16074B2F53B855F7CCCDC83FF6
461,HKEY_LOCAL_MACHINE\SOFTWARE\Wow6432Node\Microsoft\Windows\CurrentVersion\explorer\FolderDescriptions\{DFDF76A2-C82A-4D63-906A-5644AC457385}
462,HKEY_LOCAL_MACHINE\Software\Microsoft\Windows\CurrentVersion\Installer\UserData\S-1-5-18\Components\A606E58BDC0E27D4B8B54D2B6CEF90D2
463,HKEY_LOCAL_MACHINE\SOFTWARE\Wow6432Node\Microsoft\Windows\CurrentVersion\explorer\FolderDescriptions\{43668BF8-C14E-49B2-97C9-747784D784B7}
464,HKEY_LOCAL_MACHINE\SOFTWARE\Wow6432Node\Microsoft\Windows\CurrentVersion\explorer\FolderDescriptions\{0F214138-B1D3-4A90-BBA9-27CBC0C5389A}
465,HKEY_LOCAL_MACHINE\Software\Classes\Installer\Features\CEE59B4B722796F49A8140A37F6535DA
466,HKEY_LOCAL_MACHINE\SOFTWARE\Wow6432Node\Microsoft\Windows\CurrentVersion\explorer\FolderDescriptions\{5E6C858F-0E22-4760-9AFE-EA3317B67173}
467,HKEY_LOCAL_MACHINE\SOFTWARE\Wow6432Node\Microsoft\Windows\CurrentVersion\explorer\FolderDescriptions\{A990AE9F-A03B-4E80-94BC-9912D7504104}\PropertyBag
468,HKEY_LOCAL_MACHINE\Software\Microsoft\Windows\CurrentVersion\Installer\UserData\S-1-5-18\Components\0EDFE841656BEAA4EB1CAABC00FAE2E8
469,HKEY_LOCAL_MACHINE\SOFTWARE\Wow6432Node\Microsoft\Windows\CurrentVersion\explorer\FolderDescriptions\{10C07CD0-EF91-4567-B850-448B77CB37F9}
470,HKEY_LOCAL_MACHINE\Software\Microsoft\Windows\CurrentVersion\Installer\UserData\S-1-5-18\Components\4E840EE0C8289DC44BFE7E0F5A804F79
471,HKEY_LOCAL_MACHINE\Software\Microsoft\Windows\CurrentVersion\Installer\UserData\S-1-5-18\Components\A3CBF8298802908478688CB33C34694E
472,HKEY_LOCAL_MACHINE\Software\Microsoft\Cryptography\Wintrust\Config
473,HKEY_LOCAL_MACHINE\SOFTWARE\Wow6432Node\Microsoft\Windows\CurrentVersion\explorer\FolderDescriptions\{CAC52C1A-B53D-4EDC-92D7-6B2E8AC19434}
474,HKEY_LOCAL_MACHINE\SOFTWARE\Microsoft\CTF\TIP\{AE6BE008-07FB-400D-8BEB-337A64F7051F}\Category\Category\{534C48C1-0607-4098-A521-4FC899C73E90}
475,HKEY_LOCAL_MACHINE\Software\Microsoft\Windows\CurrentVersion\Installer\UserData\S-1-5-18\Components\5564B58E1AFD50B44AED6BBDF90706CE
476,HKEY_LOCAL_MACHINE\SOFTWARE\Wow6432Node\Microsoft\Windows\CurrentVersion\explorer\FolderDescriptions\{A520A1A4-1780-4FF6-BD18-167343C5AF16}\PropertyBag
477,HKEY_LOCAL_MACHINE\SOFTWARE\Classes\Wow6432Node\CLSID\{72C24DD5-D70A-438B-8A42-98424B88AFB8}\Progid
478,HKEY_LOCAL_MACHINE\SOFTWARE\Wow6432Node\Microsoft\Windows\CurrentVersion\explorer\FolderDescriptions\{289A9A43-BE44-4057-A41B-587A76D7E7F9}
479,HKEY_CURRENT_USER\CLSID\{72C24DD5-D70A-438B-8A42-98424B88AFB8}
480,HKEY_LOCAL_MACHINE\Software\Microsoft\Windows\CurrentVersion\Installer\UserData\S-1-5-18\Components\ECC2F8AF995B1E048AE100547214DD98
481,HKEY_LOCAL_MACHINE\SOFTWARE\Wow6432Node\Microsoft\Windows\CurrentVersion\explorer\FolderDescriptions\{625B53C3-AB48-4EC1-BA1F-A1EF4146FC19}
482,HKEY_LOCAL_MACHINE\Software\Microsoft\Windows\CurrentVersion\Installer\UserData\S-1-5-18\Components\C7FB3A378714B3A4EB055538660FA23C
483,HKEY_LOCAL_MACHINE\Software\Microsoft\Windows\CurrentVersion\Installer\UserData\S-1-5-18\Components\D8F5AB6B3B3FBA149A58A12B4A20334C
484,HKEY_CURRENT_USER\Software\Microsoft\Windows Script Host\Settings
485,HKEY_LOCAL_MACHINE\SOFTWARE\Wow6432Node\Microsoft\Cryptography\OID\EncodingType 0\CryptSIPDllGetSignedDataMsg\{9BA61D3F-E73A-11D0-8CD2-00C04FC295EE}
486,HKEY_LOCAL_MACHINE\Software\Microsoft\Windows\CurrentVersion\Installer\UserData\S-1-5-18\Components\83ACB157B11AF4F488A61863B9FBB8BA
487,HKEY_LOCAL_MACHINE\Software\Microsoft\Windows\CurrentVersion\Installer\UserData\S-1-5-18\Components\8B90BDC1AB855B643B43F08361D7A31C
488,HKEY_LOCAL_MACHINE\SOFTWARE\Wow6432Node\Microsoft\Windows\CurrentVersion\explorer\FolderDescriptions\{BCBD3057-CA5C-4622-B42D-BC56DB0AE516}
489,HKEY_LOCAL_MACHINE\SOFTWARE\Wow6432Node\Microsoft\Windows\CurrentVersion\explorer\FolderDescriptions\{52528A6B-B9E3-4ADD-B60D-588C2DBA842D}
490,HKEY_LOCAL_MACHINE\Software\Microsoft\Windows\CurrentVersion\Installer\UserData\S-1-5-18\Components\A93B195A12E9E8943921888621BBB2A8
491,HKEY_LOCAL_MACHINE\Software\Microsoft\Windows\CurrentVersion\App Paths\cscript.exe
492,HKEY_LOCAL_MACHINE\Software\Microsoft\Windows\CurrentVersion\Installer\UserData\S-1-5-18\Components\8F3803999D48E15489E9927F65E4B8A8
493,HKEY_LOCAL_MACHINE\Software\Microsoft\Windows\CurrentVersion\Installer\UserData\S-1-5-18\Components\96EB09331608BA034B79232D764B2973
494,HKEY_LOCAL_MACHINE\SOFTWARE\Wow6432Node\Microsoft\Windows\CurrentVersion\explorer\FolderDescriptions\{10C07CD0-EF91-4567-B850-448B77CB37F9}\PropertyBag
495,HKEY_LOCAL_MACHINE\Software\Classes\Installer\Products\00004109110000000000000000F01FEC
496,HKEY_CURRENT_USER\Software\Microsoft\Windows\Windows Error Reporting
497,HKEY_LOCAL_MACHINE\Software\Microsoft\Windows\CurrentVersion\Installer\UserData\S-1-5-18\Components\AB220E93AE895A14B8E6C02B76E46F4A
498,HKEY_LOCAL_MACHINE\System\CurrentControlSet\Services\LDAP
499,HKEY_LOCAL_MACHINE\Software\Microsoft\Windows\CurrentVersion\Installer\UserData\S-1-5-18\Components\D1823607A1FA01A4DABBC112DA5718E1
500,HKEY_LOCAL_MACHINE\SOFTWARE\Wow6432Node\Microsoft\Windows\CurrentVersion\explorer\FolderDescriptions\{2B0F765D-C0E9-4171-908E-08A611B84FF6}
501,HKEY_LOCAL_MACHINE\Software\Microsoft\Windows\CurrentVersion\Installer\UserData\S-1-5-18\Components\4AFC55126308D32438EED59806D01BC9
502,HKEY_LOCAL_MACHINE\Software\Microsoft\Windows\CurrentVersion\Installer\UserData\S-1-5-18\Components\EE24A641422783E4FBBCA7562E4DC7CA
503,HKEY_LOCAL_MACHINE\Software\Microsoft\Windows\CurrentVersion\Installer\UserData\S-1-5-18\Components\9213F23A0763ACC469EF58F56A4907AE
504,HKEY_LOCAL_MACHINE\SOFTWARE\Wow6432Node\Microsoft\Windows\CurrentVersion\explorer\FolderDescriptions\{2C36C0AA-5812-4B87-BFD0-4CD0DFB19B39}
505,HKEY_CURRENT_USER\Software\Microsoft\Windows\CurrentVersion\Action Center\Checks\{01979c6a-42fa-414c-b8aa-eee2c8202018}.check.100
506,HKEY_CURRENT_USER\Software\Microsoft\Windows\CurrentVersion\Action Center\Checks\{01979c6a-42fa-414c-b8aa-eee2c8202018}.check.101
507,HKEY_CURRENT_USER\Software\Microsoft\Windows\CurrentVersion\Explorer\MountPoints2\CPC\Volume\{1e49b743-e34b-11e8-8ec5-806e6f6e6963}\
508,HKEY_LOCAL_MACHINE\Software\Microsoft\Windows\CurrentVersion\Installer\UserData\S-1-5-18\Components\879547814B54ECC4690F9B725FD47654
509,HKEY_CURRENT_USER\Software\Microsoft\Windows\CurrentVersion\Explorer\User Shell Folders
510,HKEY_LOCAL_MACHINE\Software\Microsoft\Windows\CurrentVersion\Explorer\CLSID\{20D04FE0-3AEA-1069-A2D8-08002B30309D}\ShellFolder
511,HKEY_LOCAL_MACHINE\Software\Microsoft\Windows\CurrentVersion\Installer\UserData\S-1-5-18\Components\37709EB0F01C4FB319422B4DA2B2135C
512,HKEY_LOCAL_MACHINE\Software\Microsoft\Windows\CurrentVersion\Installer\UserData\S-1-5-18\Components\2FD010A9B85EF024D93EAC266EA1F644
513,HKEY_LOCAL_MACHINE\SOFTWARE\Wow6432Node\Microsoft\Cryptography\OID\EncodingType 0\CryptSIPDllPutSignedDataMsg
514,HKEY_LOCAL_MACHINE\Software\Microsoft\Windows\CurrentVersion\Installer\UserData\S-1-5-18\Components\2D90AA75351207547B43086856BCA65A
515,HKEY_CURRENT_USER\Software\Microsoft\Installer\Products\00004109110000000000000000F01FEC
516,HKEY_LOCAL_MACHINE\Software\Microsoft\Windows\CurrentVersion\Installer\UserData\S-1-5-18\Components\72A58A4098D591C499DC82815E5958C2
517,HKEY_LOCAL_MACHINE\SOFTWARE\Microsoft\Windows\CurrentVersion\Policies\System
518,HKEY_LOCAL_MACHINE\Software\Microsoft\Windows\CurrentVersion\Installer\UserData\S-1-5-18\Components\F0F639CFBB9D7C6469812F316C1E9942
519,HKEY_LOCAL_MACHINE\Software\Microsoft\Windows\CurrentVersion\Installer\UserData\S-1-5-18\Components\09DC1F39D3684064196690D4E3FF8D09
520,HKEY_LOCAL_MACHINE\SOFTWARE\Classes\AllFilesystemObjects\ShellEx\IconHandler
521,HKEY_LOCAL_MACHINE\Software\Microsoft\Windows\CurrentVersion\Installer\UserData\S-1-5-18\Components\FF769CF01FEF058428C615A76E4C0ABE
522,HKEY_LOCAL_MACHINE\SOFTWARE\Wow6432Node\Microsoft\Cryptography\OID\EncodingType 0\CryptSIPDllPutSignedDataMsg\{9BA61D3F-E73A-11D0-8CD2-00C04FC295EE}
523,HKEY_CURRENT_USER\Software\Microsoft\Windows\CurrentVersion\Explorer\MountPoints2\CPC\Volume\{1e49b744-e34b-11e8-8ec5-806e6f6e6963}\
524,HKEY_LOCAL_MACHINE\SOFTWARE\Wow6432Node\Microsoft\Windows\CurrentVersion\explorer\FolderDescriptions\{0139D44E-6AFE-49F2-8690-3DAFCAE6FFB8}\PropertyBag
525,HKEY_LOCAL_MACHINE\SOFTWARE\Wow6432Node\Microsoft\Windows\CurrentVersion\explorer\FolderDescriptions\{F38BF404-1D43-42F2-9305-67DE0B28FC23}\PropertyBag
526,HKEY_LOCAL_MACHINE\Software\Microsoft\Windows\CurrentVersion\Installer\UserData\S-1-5-18\Components\7CD11C9D1A1CBA44A84764DA3A70F571
527,HKEY_LOCAL_MACHINE\SOFTWARE\Microsoft\CTF\TIP\{07EB03D6-B001-41DF-9192-BF9B841EE71F}\Category\Category\{534C48C1-0607-4098-A521-4FC899C73E90}
528,HKEY_LOCAL_MACHINE\SOFTWARE\Wow6432Node\Microsoft\Windows\CurrentVersion\explorer\FolderDescriptions\{C5ABBF53-E17F-4121-8900-86626FC2C973}\PropertyBag
529,HKEY_LOCAL_MACHINE\Software\Microsoft\Windows\CurrentVersion\Installer\UserData\S-1-5-18\Components\5A71B6B84BD09C247A7FF8FFC5CDB449
530,HKEY_LOCAL_MACHINE\Software\Microsoft\Windows\CurrentVersion\Installer\UserData\S-1-5-18\Components\AB5764EB55A5B6C4482853FD0023AFE0
531,HKEY_LOCAL_MACHINE\Software\Microsoft\Windows\CurrentVersion\Installer\UserData\S-1-5-18\Components\4F4108180F098E648AEA22F01A8FDBCD
532,HKEY_LOCAL_MACHINE\Software\Microsoft\Windows\CurrentVersion\Installer\UserData\S-1-5-18\Components\CAB7071E27686994093945B9EE85F69D
533,HKEY_LOCAL_MACHINE\Software\Microsoft\Windows\CurrentVersion\Policies\NonEnum
534,HKEY_LOCAL_MACHINE\SOFTWARE\Wow6432Node\Microsoft\Windows\CurrentVersion\explorer\FolderDescriptions\{A4115719-D62E-491D-AA7C-E74B8BE3B067}
535,HKEY_LOCAL_MACHINE\SOFTWARE\Wow6432Node\Microsoft\Windows\CurrentVersion\explorer\FolderDescriptions\{9274BD8D-CFD1-41C3-B35E-B13F55A758F4}\PropertyBag
536,HKEY_LOCAL_MACHINE\SOFTWARE\Wow6432Node\Microsoft\Windows\CurrentVersion\explorer\FolderDescriptions\{DE61D971-5EBC-4F02-A3A9-6C82895E5C04}\PropertyBag
537,HKEY_LOCAL_MACHINE\SOFTWARE\Wow6432Node\Microsoft\Windows\CurrentVersion\explorer\FolderDescriptions\{C4900540-2379-4C75-844B-64E6FAF8716B}
538,HKEY_LOCAL_MACHINE\SOFTWARE\Classes\TypeLib\{F935DC20-1CF0-11D0-ADB9-00C04FD58A0B}\1.0\409
539,HKEY_CLASSES_ROOT\AllFilesystemObjects
540,HKEY_LOCAL_MACHINE\SOFTWARE\Wow6432Node\Microsoft\Cryptography\OID\EncodingType 0\CryptSIPDllGetSignedDataMsg\{603BCC1F-4B59-4E08-B724-D2C6297EF351}
541,HKEY_LOCAL_MACHINE\Software\Microsoft\Windows\CurrentVersion\Installer\UserData\S-1-5-18\Components\4440DA4DF6D4E974085C257609A4983B
542,HKEY_LOCAL_MACHINE\Software\Classes\Installer\Features\00004109110000000000000000F01FEC
543,HKEY_LOCAL_MACHINE\SOFTWARE\Classes\Directory\DocObject
544,HKEY_LOCAL_MACHINE\SOFTWARE\Wow6432Node\Microsoft\Windows\CurrentVersion\explorer\FolderDescriptions\{9274BD8D-CFD1-41C3-B35E-B13F55A758F4}
545,HKEY_LOCAL_MACHINE\SOFTWARE\Wow6432Node\Microsoft\Windows\CurrentVersion\explorer\FolderDescriptions\{DE92C1C7-837F-4F69-A3BB-86E631204A23}\PropertyBag
546,HKEY_LOCAL_MACHINE\Software\Microsoft\Windows\CurrentVersion\Installer\UserData\S-1-5-18\Components\B78A050C551DE4846A08929C7D937B84
547,HKEY_LOCAL_MACHINE\Software\Microsoft\Windows\CurrentVersion\Installer\UserData\S-1-5-18\Components\9E7E71FA8D502F64CBDEC044521ED39A
548,HKEY_LOCAL_MACHINE\SOFTWARE\Wow6432Node\Microsoft\Windows\CurrentVersion\explorer\FolderDescriptions\{491E922F-5643-4AF4-A7EB-4E7A138D8174}\PropertyBag
549,HKEY_LOCAL_MACHINE\SOFTWARE\Wow6432Node\Microsoft\Windows\CurrentVersion\explorer\FolderDescriptions\{BCB5256F-79F6-4CEE-B725-DC34E402FD46}
550,HKEY_LOCAL_MACHINE\SOFTWARE\Microsoft\CTF\TIP\{A028AE76-01B1-46C2-99C4-ACD9858AE02F}\Category\Category\{534C48C1-0607-4098-A521-4FC899C73E90}
551,HKEY_CURRENT_USER
552,HKEY_LOCAL_MACHINE\Software\Microsoft\Windows\CurrentVersion\Installer\UserData\S-1-5-18\Components\47510E0B2F85BAB468FE70E7CA35138D
553,HKEY_LOCAL_MACHINE\Software\Microsoft\Windows\CurrentVersion\Installer\UserData\S-1-5-18\Components\D205B04831798F5479FD8467C3217E1E
554,HKEY_LOCAL_MACHINE\SOFTWARE\Wow6432Node\Microsoft\Windows\CurrentVersion\explorer\FolderDescriptions\{374DE290-123F-4565-9164-39C4925E467B}
555,HKEY_CURRENT_USER\Software\Microsoft\Windows\CurrentVersion\Action Center\Checks\{A5268B8E-7DB5-465b-BAB7-BDCDA39A394A}.check.100
556,HKEY_CURRENT_USER\Software\Microsoft\Windows\CurrentVersion\Explorer\CLSID\{DFFACDC5-679F-4156-8947-C5C76BC0B67F}\ShellFolder
557,HKEY_LOCAL_MACHINE\Software\Microsoft\Windows\CurrentVersion\Installer\UserData\S-1-5-18\Components\54077434B37616D4A9EA6F78E98A56BF
558,HKEY_LOCAL_MACHINE\Software\Microsoft\Windows\CurrentVersion\Installer\UserData\S-1-5-18\Components\6FE6A09470C919B40AF5B58B30E8D6D6
559,HKEY_LOCAL_MACHINE\Software\Microsoft\Windows\CurrentVersion\Installer\UserData\S-1-5-18\Components\CDBD4E996E6FF1E499BAF8F35E2102B4
560,HKEY_CURRENT_USER\TypeLib
561,HKEY_LOCAL_MACHINE\SOFTWARE\Wow6432Node\Microsoft\Cryptography\OID\EncodingType 0\CryptSIPDllIsMyFileType2\{000C10F1-0000-0000-C000-000000000046}
562,HKEY_LOCAL_MACHINE\Software\Microsoft\Windows\CurrentVersion\Installer\UserData\S-1-5-18\Components\314080EF35E37024A9087B18CA52E5F4
563,HKEY_LOCAL_MACHINE\Software\Microsoft\Windows\CurrentVersion\Installer\UserData\S-1-5-18\Components\EFEFB0B336789A24A95117DFC65BF0CE
564,HKEY_LOCAL_MACHINE\Software\Microsoft\Windows\CurrentVersion\Installer\UserData\S-1-5-18\Components\904D9162B5DB89F4BB90F797DDDA1A98
565,HKEY_LOCAL_MACHINE\Software\Microsoft\Windows\CurrentVersion\Installer\UserData\S-1-5-18\Components\361923C4E76385C438E8C873B8144CF2
566,HKEY_LOCAL_MACHINE\Software\Microsoft\Windows\CurrentVersion\Installer\UserData\S-1-5-18\Components\E220034CE2DA093448DF191E1E91E4A1
567,HKEY_LOCAL_MACHINE\Software\Microsoft\Windows\CurrentVersion\Installer\UserData\S-1-5-18\Components\85F98C50329537041A94BEA8DB880526
568,HKEY_LOCAL_MACHINE\SOFTWARE\Wow6432Node\Microsoft\Windows\CurrentVersion\explorer\FolderDescriptions\{FDD39AD0-238F-46AF-ADB4-6C85480369C7}\PropertyBag
569,HKEY_LOCAL_MACHINE\Software\Microsoft\Windows\CurrentVersion\Installer\UserData\S-1-5-18\Components\44D339C9F378F434496E134C06C2CAB6
570,HKEY_LOCAL_MACHINE\Software\Microsoft\Windows\CurrentVersion\Installer\UserData\S-1-5-18\Components\379E92CC2CB71D119A12000A9CE1A22A
571,HKEY_LOCAL_MACHINE\Software\Microsoft\Windows\CurrentVersion\Installer\UserData\S-1-5-18\Components\059BB30391E30EE448A436F1CD4764AF
572,HKEY_LOCAL_MACHINE\SOFTWARE\Wow6432Node\Microsoft\Windows\CurrentVersion\explorer\FolderDescriptions\{B88F4DAA-E7BD-49A9-B74D-02885A5DC765}
573,HKEY_LOCAL_MACHINE\SOFTWARE\Microsoft\CTF\TIP\{8613E14C-D0C0-4161-AC0F-1DD2563286BC}\Category\Category\{534C48C1-0607-4098-A521-4FC899C73E90}
574,HKEY_LOCAL_MACHINE\Software\Microsoft\Windows\CurrentVersion\Explorer\FolderDescriptions
575,HKEY_LOCAL_MACHINE\SOFTWARE\Wow6432Node\Microsoft\Windows\CurrentVersion\explorer\FolderDescriptions\{D0384E7D-BAC3-4797-8F14-CBA229B392B5}\PropertyBag
576,HKEY_LOCAL_MACHINE\Software\Policies\Microsoft\SystemCertificates\TrustedPublisher\Safer
577,HKEY_LOCAL_MACHINE\Software\Microsoft\CTF\TIP\{0000897b-83df-4b96-be07-0fb58b01c4a4}\LanguageProfile\0x00000000\{0001bea3-ed56-483d-a2e2-aeae25577436}
578,HKEY_LOCAL_MACHINE\SOFTWARE\Wow6432Node\Microsoft\Cryptography\OID\EncodingType 0\CryptSIPDllGetSignedDataMsg\{C689AAB8-8E78-11D0-8C47-00C04FC295EE}
579,HKEY_LOCAL_MACHINE\Software\Microsoft\Windows\CurrentVersion\Installer\UserData\S-1-5-18\Components\3EE271A4605B27746952D10D23185B86
580,HKEY_LOCAL_MACHINE\SOFTWARE\Wow6432Node\Microsoft\Windows\CurrentVersion\explorer\FolderDescriptions\{859EAD94-2E85-48AD-A71A-0969CB56A6CD}
581,HKEY_LOCAL_MACHINE\Software\Microsoft\Windows\CurrentVersion\Installer\UserData\S-1-5-18\Components\9742EE3B01740CD4C9E9B8BFE0894101
582,HKEY_LOCAL_MACHINE\Software\Microsoft\Windows\CurrentVersion\Installer\UserData\S-1-5-18\Components\1BEF2E9B13536084DBE2F1D2C9CCF79B
583,HKEY_LOCAL_MACHINE\Software\Microsoft\Windows\CurrentVersion\Installer\UserData\S-1-5-18\Components\7C062B2CD949BCB45927993A3FA9E4A5
584,HKEY_LOCAL_MACHINE\Software\Microsoft\Cryptography\OID
585,HKEY_LOCAL_MACHINE\Software\Microsoft\Cryptography\Providers\Trust\Signature\{00AAC56B-CD44-11D0-8CC2-00C04FC295EE}
586,HKEY_LOCAL_MACHINE\Software\Microsoft\Windows\CurrentVersion\Installer\UserData\S-1-5-18\Components\F2A0A9C7C475BF9498E7BB9645BE2D5D
587,HKEY_LOCAL_MACHINE\Software\Microsoft\Windows\CurrentVersion\Installer\UserData\S-1-5-18\Components\798C8F26953DF8D46995FCE1E9E3B647
588,HKEY_LOCAL_MACHINE\Software\Microsoft\Windows\CurrentVersion\Installer\UserData\S-1-5-18\Components\4F50307A57404AD4282F43A591BABC84
589,HKEY_CURRENT_USER\Software\Microsoft\Command Processor
590,HKEY_LOCAL_MACHINE\Software\Microsoft\Windows\CurrentVersion\Installer\UserData\S-1-5-18\Components\C0F81D621B833F34B97E255902392D7C
591,HKEY_LOCAL_MACHINE\Software\Microsoft\Windows\CurrentVersion\Installer\UserData\S-1-5-18\Components\DC28CFDB80CEAB04B85D3A859E794318
592,HKEY_LOCAL_MACHINE\Software\Microsoft\Windows\CurrentVersion\Installer\UserData\S-1-5-18\Components\3688D6E93DFD30C4FA6D0A693227B421
593,HKEY_LOCAL_MACHINE\Software\Microsoft\Windows Script Host\Settings
594,HKEY_LOCAL_MACHINE\Software\Microsoft\Cryptography\Providers\Trust\Initialization\{00AAC56B-CD44-11D0-8CC2-00C04FC295EE}
595,HKEY_LOCAL_MACHINE\Software\Microsoft\Windows\CurrentVersion\Installer\UserData\S-1-5-18\Components\723BCECF7B08D0A4F864A2A08963643F
596,HKEY_LOCAL_MACHINE\SOFTWARE\Wow6432Node\Microsoft\Windows\CurrentVersion\explorer\FolderDescriptions\{915221FB-9EFE-4BDA-8FD7-F78DCA774F87}
597,HKEY_LOCAL_MACHINE\SOFTWARE\Wow6432Node\Microsoft\Cryptography\OID\EncodingType 0\CryptSIPDllGetSignedDataMsg\{AB13F5B1-F718-11D0-82AA-00AA00C065E1}
598,HKEY_LOCAL_MACHINE\SOFTWARE\Wow6432Node\Microsoft\Cryptography\OID\EncodingType 0\CryptSIPDllGetSignedDataMsg\{DE351A42-8E59-11D0-8C47-00C04FC295EE}
599,HKEY_LOCAL_MACHINE\Software\Microsoft\Windows\CurrentVersion\Installer\UserData\S-1-5-18\Components\199B5B4532F360B4A8E8517C3B7C5041
600,HKEY_LOCAL_MACHINE\Software\Microsoft\Windows\CurrentVersion\Explorer\User Shell Folders
601,HKEY_LOCAL_MACHINE\SOFTWARE\Microsoft\Windows\CurrentVersion\ShellCompatibility\Applications\cscript.exe
602,HKEY_LOCAL_MACHINE\Software\Microsoft\Windows\CurrentVersion\Installer\UserData\S-1-5-18\Components\9DA7BAFB053D9AE41AE7AAC762F84E26
603,HKEY_CLASSES_ROOT\CLSID\{DFFACDC5-679F-4156-8947-C5C76BC0B67F}\InProcServer32
604,HKEY_LOCAL_MACHINE\SOFTWARE\Microsoft\Windows NT\CurrentVersion\msasn1
605,HKEY_LOCAL_MACHINE\Software\Microsoft\Windows\CurrentVersion\Installer\UserData\S-1-5-18\Components\BD9C992B5A7C1B44EAA71B0DE919E3AE
606,HKEY_LOCAL_MACHINE\Software\Microsoft\Windows\CurrentVersion\Installer\UserData\S-1-5-18\Components\A936D2572A51F0F41AD455E830A4C902
607,HKEY_LOCAL_MACHINE\Software\Microsoft\Windows\CurrentVersion\Installer\UserData\S-1-5-18\Components\A8FE9BB495568D14D935C1AAB6130F21
608,HKEY_LOCAL_MACHINE\Software\Microsoft\Windows\CurrentVersion\Installer\UserData\S-1-5-18\Components\7C6F00615A04BCB46900B7E1BC2253AB
609,HKEY_LOCAL_MACHINE\SOFTWARE\Wow6432Node\Microsoft\Cryptography\OID\EncodingType 0\CryptSIPDllGetSignedDataMsg
610,HKEY_CURRENT_USER\Software\Microsoft\Internet Explorer\Security
611,HKEY_LOCAL_MACHINE\Software\Microsoft\Windows\CurrentVersion\Installer\UserData\S-1-5-18\Components\31C33DEC4950B6F44BEA77028B0C40B0
612,HKEY_LOCAL_MACHINE\Software\Microsoft\Windows\CurrentVersion\Installer\UserData\S-1-5-18\Components\6C9A6F846E2818A47A408CAF13381C71
613,HKEY_LOCAL_MACHINE\SOFTWARE\Wow6432Node\Microsoft\Cryptography\OID\EncodingType 0\CryptSIPDllPutSignedDataMsg\{C689AABA-8E78-11D0-8C47-00C04FC295EE}
614,HKEY_LOCAL_MACHINE\Software\Microsoft\Windows\CurrentVersion\Installer\UserData\S-1-5-18\Components\EBA3C661A40CB824AADBB36C1267F168
615,HKEY_CURRENT_USER\Software\Microsoft\Windows\CurrentVersion\Explorer\SessionInfo\1\UsersFiles\NameSpace
616,HKEY_LOCAL_MACHINE\Software\Microsoft\Windows\CurrentVersion\Installer\UserData\S-1-5-18\Components\39635BA9C54491244A91288D88FF7B35
617,HKEY_LOCAL_MACHINE\SOFTWARE\Classes\Folder\Clsid
618,HKEY_LOCAL_MACHINE\Software\Microsoft\Windows\CurrentVersion\Installer\UserData\S-1-5-18\Components\B4CCCEF758F027B37977C1762C52F53C
619,HKEY_LOCAL_MACHINE\Software\Microsoft\Windows\CurrentVersion\Installer\UserData\S-1-5-18\Components\4BA9F1741166CD247A924875B1A7BA56
620,HKEY_LOCAL_MACHINE\SOFTWARE\Wow6432Node\Microsoft\Windows\CurrentVersion\explorer\FolderDescriptions\{4BD8D571-6D19-48D3-BE97-422220080E43}
621,HKEY_LOCAL_MACHINE\SOFTWARE\Wow6432Node\Microsoft\Windows\CurrentVersion\explorer\FolderDescriptions\{48DAF80B-E6CF-4F4E-B800-0E69D84EE384}\PropertyBag
622,HKEY_LOCAL_MACHINE\Software\Microsoft\Windows\CurrentVersion\Installer\UserData\S-1-5-18\Components\8308D921CA77DED48ACB25FDE1AD4D94
623,HKEY_LOCAL_MACHINE\Software\Microsoft\Windows\CurrentVersion\Installer\UserData\S-1-5-18\Components\ACEFFF49077DF5C37898805E60656DBF
624,HKEY_LOCAL_MACHINE\SOFTWARE\Wow6432Node\Microsoft\Cryptography\OID\EncodingType 0\CryptSIPDllIsMyFileType2\{1A610570-38CE-11D4-A2A3-00104BD35090}
625,HKEY_LOCAL_MACHINE\Software\Microsoft\Windows\CurrentVersion\Installer\UserData\S-1-5-18\Components\7E77616395A31A946949EEB86A4E7B3A
626,HKEY_CURRENT_USER\Software\Microsoft\Windows\CurrentVersion\Policies\Explorer
627,HKEY_LOCAL_MACHINE\Software\Microsoft\Windows\CurrentVersion\Installer\UserData\S-1-5-18\Components\49686B915F2D246409E59E96ECAB6089
628,HKEY_LOCAL_MACHINE\Software\Policies\Microsoft\Windows\Explorer
629,HKEY_LOCAL_MACHINE\SOFTWARE\Microsoft\CTF\TIP\{F25E9F57-2FC8-4EB3-A41A-CCE5F08541E6}\Category\Category\{534C48C1-0607-4098-A521-4FC899C73E90}
630,HKEY_LOCAL_MACHINE\SOFTWARE\Wow6432Node\Microsoft\Windows\CurrentVersion\explorer\FolderDescriptions\{C4AA340D-F20F-4863-AFEF-F87EF2E6BA25}
631,HKEY_LOCAL_MACHINE\Software\Microsoft\Windows\CurrentVersion\Installer\UserData\S-1-5-18\Components\C868DDA4F81A5EF4B9685887C1E68F54
632,HKEY_LOCAL_MACHINE\Software\Microsoft\Command Processor
633,HKEY_LOCAL_MACHINE\Software\Microsoft\Windows\CurrentVersion\Installer\UserData\S-1-5-18\Components\C38D8569C7FFC3A4CAE09EE12EDEFD0D
634,HKEY_LOCAL_MACHINE\Software\Microsoft\Windows\CurrentVersion\Installer\UserData\S-1-5-18\Components\7AA982DEA7C74FF4CAB96058CC92D7E5
635,HKEY_LOCAL_MACHINE\SOFTWARE\Wow6432Node\Microsoft\Cryptography\OID\EncodingType 0\CryptSIPDllPutSignedDataMsg\{1A610570-38CE-11D4-A2A3-00104BD35090}
636,HKEY_LOCAL_MACHINE\Software\Microsoft\Windows\CurrentVersion\Installer\UserData\S-1-5-18\Components\E36553C09BDF6AC4DB6C11B9CC7B719C
637,HKEY_CLASSES_ROOT\CLSID\{20D04FE0-3AEA-1069-A2D8-08002B30309D}\ShellFolder
638,HKEY_CURRENT_USER\Software\Microsoft\Windows\CurrentVersion\Explorer\SessionInfo\1\UsersFiles\NameSpace\DelegateFolders
639,HKEY_LOCAL_MACHINE\SOFTWARE\Classes\AllFilesystemObjects\BrowseInPlace
640,HKEY_LOCAL_MACHINE\Software\Microsoft\Windows\CurrentVersion\Installer\UserData\S-1-5-18\Components\8F91755AA122C6546948EF5A7A705841
641,HKEY_LOCAL_MACHINE\Software\Microsoft\Windows\CurrentVersion\Installer\UserData\S-1-5-18\Components\AB0A81F4F75E17545B7C48E1C7E7B473
642,HKEY_LOCAL_MACHINE\SOFTWARE\Wow6432Node\Microsoft\Windows\CurrentVersion\explorer\FolderDescriptions\{5CD7AEE2-2219-4A67-B85D-6C9CE15660CB}\PropertyBag
643,HKEY_LOCAL_MACHINE\Software\Microsoft\Windows\CurrentVersion\Installer\UserData\S-1-5-18\Components\3759CDD38857F2347BB28C848A61FCD2
644,HKEY_CURRENT_USER\Software\Microsoft\Windows\CurrentVersion\Action Center\Checks\{E8433B72-5842-4d43-8645-BC2C35960837}.check.100
645,HKEY_CURRENT_USER\Software\Microsoft\Windows\CurrentVersion\Action Center\Checks\{E8433B72-5842-4d43-8645-BC2C35960837}.check.101
646,HKEY_CURRENT_USER\Software\Microsoft\Windows\CurrentVersion\Action Center\Checks\{E8433B72-5842-4d43-8645-BC2C35960837}.check.102
647,HKEY_CURRENT_USER\Software\Microsoft\Windows\CurrentVersion\Action Center\Checks\{E8433B72-5842-4d43-8645-BC2C35960837}.check.103
648,HKEY_CURRENT_USER\Software\Microsoft\Windows\CurrentVersion\Action Center\Checks\{E8433B72-5842-4d43-8645-BC2C35960837}.check.104
649,HKEY_CURRENT_USER\Software\Microsoft\Windows\CurrentVersion\Action Center\Checks\{E8433B72-5842-4d43-8645-BC2C35960837}.check.106
650,HKEY_LOCAL_MACHINE\Software\Microsoft\Windows\CurrentVersion\Installer\UserData\S-1-5-18\Components\818AED26EAB038A4BB72C55277E8CE84
651,HKEY_LOCAL_MACHINE\Software\Microsoft\Windows\CurrentVersion\Installer\UserData\S-1-5-18\Components\D09631B60CEC23340A9590027321EE4B
652,HKEY_LOCAL_MACHINE\SOFTWARE\Classes\Directory\CurVer
653,HKEY_LOCAL_MACHINE\Software\Microsoft\Windows\CurrentVersion\Installer\UserData\S-1-5-18\Components\2D43B1F688C6EE34AAD21ED2EABD319F
654,HKEY_LOCAL_MACHINE\SOFTWARE\Wow6432Node\Microsoft\Cryptography\OID\EncodingType 0\CryptSIPDllIsMyFileType2\{603BCC1F-4B59-4E08-B724-D2C6297EF351}
655,HKEY_LOCAL_MACHINE\Software\Microsoft\Windows\CurrentVersion\Installer\UserData\S-1-5-18\Components\767C7256DAAC3E845B6CCFE8E3DB4D2B
656,HKEY_LOCAL_MACHINE\Software\Microsoft\Windows\CurrentVersion\Installer\UserData\S-1-5-18\Components\BDD3BCFC777F1574FBC688622406E42D
657,HKEY_LOCAL_MACHINE\SOFTWARE\Microsoft\CTF\TIP\{70FAF614-E0B1-11D3-8F5C-00C04F9CF4AC}\Category\Category\{534C48C1-0607-4098-A521-4FC899C73E90}
658,HKEY_LOCAL_MACHINE\SOFTWARE\Wow6432Node\Microsoft\Windows\CurrentVersion\explorer\FolderDescriptions\{62AB5D82-FDC1-4DC3-A9DD-070D1D495D97}\PropertyBag
659,HKEY_LOCAL_MACHINE\SOFTWARE\Wow6432Node\Microsoft\Windows\CurrentVersion\explorer\FolderDescriptions\{76FC4E2D-D6AD-4519-A663-37BD56068185}
660,HKEY_LOCAL_MACHINE\SOFTWARE\Classes\TypeLib\{F935DC20-1CF0-11D0-ADB9-00C04FD58A0B}
661,HKEY_LOCAL_MACHINE\Software\Microsoft\Cryptography\Providers\Trust\Message\{00AAC56B-CD44-11D0-8CC2-00C04FC295EE}
662,HKEY_LOCAL_MACHINE\SOFTWARE\Wow6432Node\Microsoft\Windows\CurrentVersion\explorer\FolderDescriptions\{F1B32785-6FBA-4FCF-9D55-7B8E7F157091}\PropertyBag
663,HKEY_LOCAL_MACHINE\SOFTWARE\Classes\Folder\DocObject
664,HKEY_LOCAL_MACHINE\Software\Microsoft\Windows\CurrentVersion\Installer\UserData\S-1-5-18\Components\B456E77BA1B8626488B440A8AF2555A3
665,HKEY_CURRENT_USER\Software\Microsoft\Windows\CurrentVersion\Explorer\SessionInfo\1\KnownFolders
666,HKEY_LOCAL_MACHINE\SOFTWARE\Wow6432Node\Microsoft\Windows\CurrentVersion\explorer\FolderDescriptions\{9E3995AB-1F9C-4F13-B827-48B24B6C7174}
667,HKEY_LOCAL_MACHINE\SOFTWARE\Wow6432Node\Microsoft\Windows\CurrentVersion\explorer\FolderDescriptions\{15CA69B3-30EE-49C1-ACE1-6B5EC372AFB5}\PropertyBag
668,HKEY_LOCAL_MACHINE\SOFTWARE\Wow6432Node\Microsoft\Windows\CurrentVersion\explorer\FolderDescriptions\{1777F761-68AD-4D8A-87BD-30B759FA33DD}\PropertyBag
669,HKEY_LOCAL_MACHINE\Software\Microsoft\Windows\Shell\RegisteredApplications\UrlAssociations\Directory\OpenWithProgids
670,HKEY_LOCAL_MACHINE\SOFTWARE\Wow6432Node\Microsoft\Windows\CurrentVersion\explorer\FolderDescriptions\{7D1D3A04-DEBB-4115-95CF-2F29DA2920DA}\PropertyBag
671,HKEY_LOCAL_MACHINE\SOFTWARE\Classes\Wow6432Node\CLSID\{72C24DD5-D70A-438B-8A42-98424B88AFB8}\InprocHandler32
672,HKEY_LOCAL_MACHINE\SOFTWARE\Wow6432Node\Microsoft\Windows\CurrentVersion\explorer\FolderDescriptions\{B6EBFB86-6907-413C-9AF7-4FC2ABF07CC5}\PropertyBag
673,HKEY_LOCAL_MACHINE\Software\Microsoft\Windows\CurrentVersion\Installer\UserData\S-1-5-18\Components\1E1F069B435C89541ACBB32178AC5803
674,HKEY_LOCAL_MACHINE\SOFTWARE\Wow6432Node\Microsoft\Cryptography\OID\EncodingType 0\CryptSIPDllGetSignedDataMsg\{06C9E010-38CE-11D4-A2A3-00104BD35090}
675,HKEY_LOCAL_MACHINE\Software\Microsoft\Windows\CurrentVersion\Installer\UserData\S-1-5-18\Components\8F175CF4803FEBE4CBF117E59186DF5E
676,HKEY_LOCAL_MACHINE\SOFTWARE\Wow6432Node\Microsoft\Windows\CurrentVersion\explorer\FolderDescriptions\{DF7266AC-9274-4867-8D55-3BD661DE872D}\PropertyBag
677,HKEY_LOCAL_MACHINE\Software\Microsoft\Windows\CurrentVersion\Installer\UserData\S-1-5-18\Components\5EB28F61CD5A5C1458E9A2F4823AA6E8
678,HKEY_LOCAL_MACHINE\SOFTWARE\Wow6432Node\Microsoft\Windows\CurrentVersion\explorer\FolderDescriptions\{A302545D-DEFF-464B-ABE8-61C8648D939B}
679,HKEY_LOCAL_MACHINE\Software\Microsoft\Windows\CurrentVersion\Installer\UserData\S-1-5-18\Components\14CA65566A4DD58408504CB830B38CAB
680,HKEY_LOCAL_MACHINE\Software\Microsoft\Windows\CurrentVersion\Installer\UserData\S-1-5-18\Components\6BD3219F5F227C1388E4B254ECC53CBA
681,HKEY_LOCAL_MACHINE\Software\Microsoft\Windows\CurrentVersion\Installer\UserData\S-1-5-18\Components\13A31C284359A9136A90E7B8EFC2DFBB
682,HKEY_CURRENT_USER\WScript.Shell
683,HKEY_LOCAL_MACHINE\SOFTWARE\Wow6432Node\Microsoft\Windows\CurrentVersion\explorer\FolderDescriptions\{FD228CB7-AE11-4AE3-864C-16F3910AB8FE}
684,HKEY_CLASSES_ROOT\CLSID\{DFFACDC5-679F-4156-8947-C5C76BC0B67F}\ShellFolder
685,HKEY_LOCAL_MACHINE\Software\Microsoft\Windows\CurrentVersion\Installer\UserData\S-1-5-18\Components\A382922899844F74796A072912A02CAB
686,HKEY_LOCAL_MACHINE\Software\Microsoft\Windows\CurrentVersion\Installer\UserData\S-1-5-18\Components\001E42A17294CF74E98117BE95CA3020
687,HKEY_LOCAL_MACHINE\SOFTWARE\Microsoft\CTF\TIP\{F89E9E58-BD2F-4008-9AC2-0F816C09F4EE}\Category\Category\{534C48C1-0607-4098-A521-4FC899C73E90}
688,HKEY_LOCAL_MACHINE\Software\Microsoft\Windows\CurrentVersion\Installer\UserData\S-1-5-18\Components\E166CA018CF0DC343B4A8D39D22DA898
689,HKEY_LOCAL_MACHINE\Software\Microsoft\Windows\CurrentVersion\Installer\UserData\S-1-5-18\Components\BB75B80D19B65BA4CB5BEE60B984576A
690,HKEY_LOCAL_MACHINE\SOFTWARE\Wow6432Node\Microsoft\Windows\CurrentVersion\explorer\FolderDescriptions\{0762D272-C50A-4BB0-A382-697DCD729B80}\PropertyBag
691,HKEY_LOCAL_MACHINE\Software\Microsoft\Windows\CurrentVersion\Installer\UserData\S-1-5-18\Components\8569BA8C0C60BA9449A7ECB4FD509926
692,HKEY_LOCAL_MACHINE\SOFTWARE\Wow6432Node\Microsoft\Windows\CurrentVersion\explorer\FolderDescriptions\{4C5C32FF-BB9D-43B0-B5B4-2D72E54EAAA4}\PropertyBag
693,HKEY_LOCAL_MACHINE\Software\Microsoft\Windows\CurrentVersion\Installer\UserData\S-1-5-18\Components\11CE927703D0DA84181FB694E3BA06FF
694,HKEY_LOCAL_MACHINE\Software\Microsoft\Windows\CurrentVersion\Installer\UserData\S-1-5-18\Components\2D1D746BE14ECD449B5C8C9520290487
695,HKEY_LOCAL_MACHINE\Software\Microsoft\Windows\CurrentVersion\Installer\UserData\S-1-5-18\Components\DEF3EB88198FD79458A7C7CAFCC5C4A0
696,HKEY_LOCAL_MACHINE\Software\Microsoft\Windows\CurrentVersion\Installer\UserData\S-1-5-18\Components\0F2A7E907B078294BBD356DC8840852C
697,HKEY_LOCAL_MACHINE\Software\Microsoft\Windows\CurrentVersion\Installer\UserData\S-1-5-18\Components\D9C9EE5ED897D1D4BA2F23CE5128B0F2
698,HKEY_LOCAL_MACHINE\Software\Microsoft\Windows\CurrentVersion\Installer\UserData\S-1-5-18\Components\A70728DA97715E8389326C667D0C7579
699,HKEY_LOCAL_MACHINE\Software\Microsoft\Windows\CurrentVersion\Installer\UserData\S-1-5-18\Components\96DF167C86EA0ED4496BD5B6C3E9360D
700,HKEY_LOCAL_MACHINE\Software\Microsoft\Windows\CurrentVersion\Installer\UserData\S-1-5-18\Components\463248DC02BD31044AFEAB6A1D3BFBE6
701,HKEY_LOCAL_MACHINE\Software\Microsoft\Cryptography\Providers\Trust\DiagnosticPolicy\{00AAC56B-CD44-11D0-8CC2-00C04FC295EE}
702,HKEY_LOCAL_MACHINE\Software\Microsoft\Windows\CurrentVersion\Installer\UserData\S-1-5-18\Components\28C0DC0F5D7383F489817DB8430231D5
703,HKEY_LOCAL_MACHINE\SOFTWARE\Wow6432Node\Microsoft\Windows\CurrentVersion\explorer\FolderDescriptions\{2400183A-6185-49FB-A2D8-4A392A602BA3}
704,HKEY_LOCAL_MACHINE\SOFTWARE\Wow6432Node\Microsoft\Windows\CurrentVersion\explorer\FolderDescriptions\{1A6FDBA2-F42D-4358-A798-B74D745926C5}
705,HKEY_LOCAL_MACHINE\Software\Microsoft\Windows\CurrentVersion\Installer\UserData\S-1-5-18\Components\12C7EE1BE5371DB4280A194F906431AD
706,HKEY_LOCAL_MACHINE\SOFTWARE\Wow6432Node\Microsoft\Cryptography\OID\EncodingType 0\CryptSIPDllGetSignedDataMsg\{000C10F1-0000-0000-C000-000000000046}
707,HKEY_LOCAL_MACHINE\Software\Microsoft\Windows\CurrentVersion\Installer\UserData\S-1-5-18\Components\4E6F86E1FEF077645B1002B7C560B871
708,HKEY_LOCAL_MACHINE\Software\Classes\Installer\Products\CEE59B4B722796F49A8140A37F6535DA
709,HKEY_LOCAL_MACHINE\Software\Microsoft\Windows\CurrentVersion\Installer\UserData\S-1-5-18\Components\EA892D3493CF4DE43B5C659D37BFD3E6
710,HKEY_LOCAL_MACHINE\Software\Microsoft\Windows\CurrentVersion\Installer\UserData\S-1-5-18\Components\D3BA26C0F3BC5354ABD068CB040BD456
711,HKEY_LOCAL_MACHINE\SOFTWARE\Wow6432Node\Microsoft\Windows\CurrentVersion\explorer\FolderDescriptions\{F38BF404-1D43-42F2-9305-67DE0B28FC23}
712,HKEY_LOCAL_MACHINE\Software\Microsoft\Windows\CurrentVersion\Installer\UserData\S-1-5-18\Components\D796CAC860006574ABA4F35848DC97CD
713,HKEY_LOCAL_MACHINE\SOFTWARE\Wow6432Node\Microsoft\Windows\CurrentVersion\explorer\FolderDescriptions\{491E922F-5643-4AF4-A7EB-4E7A138D8174}
714,HKEY_CLASSES_ROOT\CLSID\{FAE3D380-FEA4-4623-8C75-C6B61110B681}\Instance\Disabled
715,HKEY_LOCAL_MACHINE\SOFTWARE\Classes\Wow6432Node\CLSID\{72C24DD5-D70A-438B-8A42-98424B88AFB8}\TreatAs
716,HKEY_LOCAL_MACHINE\SOFTWARE\Wow6432Node\Microsoft\Windows\CurrentVersion\explorer\FolderDescriptions\{69D2CF90-FC33-4FB7-9A0C-EBB0F0FCB43C}
717,HKEY_LOCAL_MACHINE\Software\Microsoft\Cryptography\Providers\Trust\Cleanup\{00AAC56B-CD44-11D0-8CC2-00C04FC295EE}
718,HKEY_LOCAL_MACHINE\Software\Microsoft\Windows\CurrentVersion\Installer\UserData\S-1-5-18\Components\6F58FB719C858BF4EAF245AC9DA59D1D
719,HKEY_LOCAL_MACHINE\SYSTEM\CurrentControlSet\Services\crypt32
720,HKEY_LOCAL_MACHINE\Software\Microsoft\Windows\CurrentVersion\Installer\Managed\S-1-5-21-630811646-38694049-2128768863-1000\Installer\Features\00004109110000000000000000F01FEC
721,HKEY_LOCAL_MACHINE\Software\Microsoft\Windows\CurrentVersion\Installer\UserData\S-1-5-18\Components\DD15F24B63AC28649BFC7494ACBDF2FC
722,HKEY_LOCAL_MACHINE\Software\Microsoft\Windows\CurrentVersion\Installer\UserData\S-1-5-18\Components\57FE3451A6F32BA44A467AB8768DA5C0
723,HKEY_LOCAL_MACHINE\SOFTWARE\Wow6432Node\Microsoft\Cryptography\OID\EncodingType 0\CryptSIPDllGetSignedDataMsg\{1629F04E-2799-4DB5-8FE5-ACE10F17EBAB}
724,HKEY_LOCAL_MACHINE\SOFTWARE\Wow6432Node\Microsoft\Windows\CurrentVersion\explorer\FolderDescriptions\{9E52AB10-F80D-49DF-ACB8-4330F5687855}\PropertyBag
725,HKEY_LOCAL_MACHINE\SOFTWARE\Wow6432Node\Microsoft\Windows\CurrentVersion\explorer\FolderDescriptions\{82A5EA35-D9CD-47C5-9629-E15D2F714E6E}\PropertyBag
726,HKEY_LOCAL_MACHINE\Software\Microsoft\Windows\CurrentVersion\Installer\UserData\S-1-5-18\Components\13086525230A44C43BC03D5646392E08
727,HKEY_LOCAL_MACHINE\Software\Microsoft\Windows\CurrentVersion\Installer\UserData\S-1-5-18\Components\8D3438208262B784ABE5D2A6A31EBC82
728,HKEY_LOCAL_MACHINE\SOFTWARE\Wow6432Node\Microsoft\Windows\CurrentVersion\explorer\FolderDescriptions\{BCBD3057-CA5C-4622-B42D-BC56DB0AE516}\PropertyBag
729,HKEY_LOCAL_MACHINE\SOFTWARE\Wow6432Node\Microsoft\Windows\CurrentVersion\explorer\FolderDescriptions\{054FAE61-4DD8-4787-80B6-090220C4B700}\PropertyBag
730,HKEY_CURRENT_USER\Software\Microsoft\Windows\CurrentVersion\Action Center\Providers\EventLog\{A5268B8E-7DB5-465b-BAB7-BDCDA39A394A}
731,HKEY_LOCAL_MACHINE\Software\Microsoft\Windows\CurrentVersion\Installer\UserData\S-1-5-18\Components\EB42C29340707D3419E80475D0890071
732,HKEY_LOCAL_MACHINE\SOFTWARE\Wow6432Node\Microsoft\Windows\CurrentVersion\explorer\FolderDescriptions\{3D644C9B-1FB8-4F30-9B45-F670235F79C0}\PropertyBag
733,HKEY_LOCAL_MACHINE\SOFTWARE\Wow6432Node\Microsoft\Windows\CurrentVersion\explorer\FolderDescriptions\{C870044B-F49E-4126-A9C3-B52A1FF411E8}\PropertyBag
734,HKEY_LOCAL_MACHINE\SOFTWARE\Wow6432Node\Microsoft\Windows\CurrentVersion\explorer\FolderDescriptions\{AE50C081-EBD2-438A-8655-8A092E34987A}
735,HKEY_LOCAL_MACHINE\Software\Microsoft\Windows\CurrentVersion\Installer\UserData\S-1-5-18\Components\45613AFAE1635B33E95D40A9869823C5
736,HKEY_CLASSES_ROOT\CLSID\{59031A47-3F72-44A7-89C5-5595FE6B30EE}\ShellFolder
737,HKEY_LOCAL_MACHINE\SOFTWARE\Wow6432Node\Microsoft\Windows\CurrentVersion\explorer\FolderDescriptions\{B97D20BB-F46A-4C97-BA10-5E3608430854}\PropertyBag
738,HKEY_LOCAL_MACHINE\SOFTWARE\Microsoft\CTF\TIP\{3697C5FA-60DD-4B56-92D4-74A569205C16}\Category\Category\{534C48C1-0607-4098-A521-4FC899C73E90}
739,HKEY_LOCAL_MACHINE\Software\Microsoft\Windows\CurrentVersion\Installer\UserData\S-1-5-18\Components\32219D6E447B66049B6F1181D17C4B58
740,HKEY_LOCAL_MACHINE\Software\Microsoft\Windows\CurrentVersion\Installer\UserData\S-1-5-18\Products\CEE59B4B722796F49A8140A37F6535DA\Features
741,HKEY_LOCAL_MACHINE\Software\Microsoft\Windows\CurrentVersion\Installer\UserData\S-1-5-18\Components\D626EA727161D6149BCF38D2118F84A6
742,HKEY_CURRENT_USER\Software\Microsoft\Windows\CurrentVersion\Action Center\Providers\EventLog\{11CD958A-C507-4EF3-B3F2-5FD9DFBD2C78}
743,HKEY_LOCAL_MACHINE\SOFTWARE\Wow6432Node\Microsoft\Cryptography\OID\EncodingType 1\CryptSIPDllGetSignedDataMsg
744,HKEY_LOCAL_MACHINE\Software\Microsoft\Windows\CurrentVersion\Installer\UserData\S-1-5-18\Components\D9400E9CC46F86043B917C3974986465
745,HKEY_CURRENT_USER\Software\Microsoft\Windows\CurrentVersion\Action Center\Checks\{C8E6F269-B90A-4053-A3BE-499AFCEC98C4}.check.0
746,HKEY_LOCAL_MACHINE\SOFTWARE\Wow6432Node\Microsoft\Windows\CurrentVersion\explorer\FolderDescriptions\{D9DC8A3B-B784-432E-A781-5A1130A75963}
747,HKEY_LOCAL_MACHINE\SOFTWARE\Classes\VBScript\CLSID
748,HKEY_LOCAL_MACHINE\SOFTWARE\Wow6432Node\Microsoft\Windows\CurrentVersion\explorer\FolderDescriptions\{F3CE0F7C-4901-4ACC-8648-D5D44B04EF8F}\PropertyBag
749,HKEY_LOCAL_MACHINE\Software\Microsoft\Windows\CurrentVersion\Installer\UserData\S-1-5-18\Components\52810A6F5092B444BB85AEC32C509F75
750,HKEY_LOCAL_MACHINE\SOFTWARE\Classes\Folder\BrowseInPlace
751,HKEY_LOCAL_MACHINE\Software\Microsoft\Windows\CurrentVersion\Installer\UserData\S-1-5-18\Components\2E757ABD784CB34478FD0BEF77087BE3
752,HKEY_LOCAL_MACHINE\Software\Microsoft\Windows\CurrentVersion\Installer\UserData\S-1-5-18\Components\15F3D1107AF6FE7429034EC71D6B36B4
753,HKEY_LOCAL_MACHINE\SOFTWARE\Wow6432Node\Microsoft\Windows\CurrentVersion\explorer\FolderDescriptions\{A305CE99-F527-492B-8B1A-7E76FA98D6E4}\PropertyBag
754,HKEY_LOCAL_MACHINE\SOFTWARE\Wow6432Node\Microsoft\Windows\CurrentVersion\explorer\FolderDescriptions\{2C36C0AA-5812-4B87-BFD0-4CD0DFB19B39}\PropertyBag
755,HKEY_LOCAL_MACHINE\SOFTWARE\Wow6432Node\Microsoft\Windows\CurrentVersion\explorer\FolderDescriptions\{1A6FDBA2-F42D-4358-A798-B74D745926C5}\PropertyBag
756,HKEY_LOCAL_MACHINE\SOFTWARE\Wow6432Node\Microsoft\Windows\CurrentVersion\explorer\FolderDescriptions\{FDD39AD0-238F-46AF-ADB4-6C85480369C7}
