,file
0,/home/cuckoo/.cuckoo/storage/analyses/18/memory/144-1.dmp
1,/home/cuckoo/.cuckoo/storage/analyses/18/memory/644-1.dmp
2,/home/cuckoo/.cuckoo/storage/analyses/18/memory/1376-1.dmp
3,/home/cuckoo/.cuckoo/storage/analyses/18/memory/1744-1.dmp
4,/home/cuckoo/.cuckoo/storage/analyses/18/memory/1908-1.dmp
5,/home/cuckoo/.cuckoo/storage/analyses/18/memory/2020-1.dmp
6,/home/cuckoo/.cuckoo/storage/analyses/18/memory/2020-2.dmp
7,/home/cuckoo/.cuckoo/storage/analyses/18/memory/2144-1.dmp
8,/home/cuckoo/.cuckoo/storage/analyses/18/memory/2368-1.dmp
9,/home/cuckoo/.cuckoo/storage/analyses/18/memory/2536-1.dmp
10,/home/cuckoo/.cuckoo/storage/analyses/18/memory/2564-1.dmp
11,/home/cuckoo/.cuckoo/storage/analyses/18/memory/2660-1.dmp
12,/home/cuckoo/.cuckoo/storage/analyses/18/memory/2860-1.dmp
13,/home/cuckoo/.cuckoo/storage/analyses/18/memory/3056-1.dmp
,file
0,/home/cuckoo/.cuckoo/storage/analyses/18/memory/144-1.dmp
1,/home/cuckoo/.cuckoo/storage/analyses/18/memory/644-1.dmp
2,/home/cuckoo/.cuckoo/storage/analyses/18/memory/1376-1.dmp
3,/home/cuckoo/.cuckoo/storage/analyses/18/memory/1744-1.dmp
4,/home/cuckoo/.cuckoo/storage/analyses/18/memory/1908-1.dmp
5,/home/cuckoo/.cuckoo/storage/analyses/18/memory/2020-1.dmp
6,/home/cuckoo/.cuckoo/storage/analyses/18/memory/2020-2.dmp
7,/home/cuckoo/.cuckoo/storage/analyses/18/memory/2144-1.dmp
8,/home/cuckoo/.cuckoo/storage/analyses/18/memory/2368-1.dmp
9,/home/cuckoo/.cuckoo/storage/analyses/18/memory/2536-1.dmp
10,/home/cuckoo/.cuckoo/storage/analyses/18/memory/2564-1.dmp
11,/home/cuckoo/.cuckoo/storage/analyses/18/memory/2660-1.dmp
12,/home/cuckoo/.cuckoo/storage/analyses/18/memory/2860-1.dmp
13,/home/cuckoo/.cuckoo/storage/analyses/18/memory/3056-1.dmp
,file
0,/home/cuckoo/.cuckoo/storage/analyses/18/memory/144-1.dmp
1,/home/cuckoo/.cuckoo/storage/analyses/18/memory/644-1.dmp
2,/home/cuckoo/.cuckoo/storage/analyses/18/memory/1376-1.dmp
3,/home/cuckoo/.cuckoo/storage/analyses/18/memory/1744-1.dmp
4,/home/cuckoo/.cuckoo/storage/analyses/18/memory/1908-1.dmp
5,/home/cuckoo/.cuckoo/storage/analyses/18/memory/2020-1.dmp
6,/home/cuckoo/.cuckoo/storage/analyses/18/memory/2020-2.dmp
7,/home/cuckoo/.cuckoo/storage/analyses/18/memory/2144-1.dmp
8,/home/cuckoo/.cuckoo/storage/analyses/18/memory/2368-1.dmp
9,/home/cuckoo/.cuckoo/storage/analyses/18/memory/2536-1.dmp
10,/home/cuckoo/.cuckoo/storage/analyses/18/memory/2564-1.dmp
11,/home/cuckoo/.cuckoo/storage/analyses/18/memory/2660-1.dmp
12,/home/cuckoo/.cuckoo/storage/analyses/18/memory/2860-1.dmp
13,/home/cuckoo/.cuckoo/storage/analyses/18/memory/3056-1.dmp
